0,0.045618,0.13844,1.1301,0.071699,0.01573,0.37801,0.2048,0,0.20711,0.065638,0.055446,0.24101,0.095005,0.18186,2.4902,0.18463,0,0.40175,0.4042,0.64799,0.12885,0.020605,0.057014,0.030742,0.63872,0.75768,0.68337,0.1,0.098341,0.11734,0.8702,0.094959,0.027212,0.073333,0.29238,0,0.073948,0.55273,0.28821,0.18192,0.53926,0.42258,0.024209,0.43372,0.06697,0.25272,0.0085005,0.016357,0.43978,0.022383,0.65709,0.7071,0.13919,0.79734,0.5066,0.067109,0.017634,0.35807,0.025657,0.26971,0.3089,0.62025,1.4408,0.10006,0.091453,0,0.090423,0.094818,0.45133,0.015294,0.091675,0.030142,0.61103,0.63819,0.011227,0.0014699,0.0027445,0.76574,0.17413,2.2883,0.092428,0.60914,0.12784,0.06575,0.5647,0.2608,0.10807,0.191,0,0.1018,0.017016,0.47557,0.10679,0.87926,1.6476,0.502,0.040758,0.098802,0.63057,0.077325,0.016183
0.37151,0,0.088879,0.067403,0.01147,0.076633,0.66208,0.35759,0.0070683,0.26037,0.28838,2.3338,0.0087027,0.014241,0.23386,0.27681,0.011539,0.17743,0,0.34445,0.40072,0.10335,0.31825,0.30291,0.28403,0.2718,0.19405,0.10677,0.052726,0.22629,0.048577,0.039741,0.86217,1.104,1.0117,0.33006,0.053784,0.43051,1.3817,0.047767,0.37861,2.2398,0.15972,0.38774,0.13392,0.22031,0.081423,0.052905,0.1517,0.37079,0.2581,0,0.99831,0.0019335,0.087324,0.019456,1.1341,0.40589,0.029567,0.44601,0.051288,0.14118,0.012865,0.99007,0,0.32355,0.0057186,0.060242,0.036027,0.12642,0.57013,0.3857,0.034706,0.089828,0.26659,0.0020901,0.038812,0.11907,0.7521,0.04226,1.0728,0.073984,0.20513,0.46022,0.26204,0.65338,0.014044,0.28151,0.073848,0.19699,0.0083324,0.0050678,0.069445,0.53908,0.53316,0.18504,1.0563,0.78106,0.0071226,0.33421,0.11785,0.080748
0.55465,0.013994,0,0,0.41614,0.05285,0.47966,0.37843,0.072009,0.54025,0.13084,0.19103,0.3615,0.016241,0.61893,0.22332,0.49639,0.094705,0.0090129,0.066005,0.88198,0.13283,0,0.19523,0.11173,0.041389,0.0078611,0.033408,0.31988,0.19935,0.055018,0.26261,5.3164,0.024979,3.252,0.46478,0.034547,0.82707,0.17572,0.18493,0.017954,0.58644,0.15515,0.020461,0,0.050721,0.95915,0.032762,0,0.69927,0.078146,0.11393,1.3378,0.0050723,0.1101,0.13008,0.09322,1.3533,0.21987,0.032471,0.032006,0.06068,0.066388,0.71346,0.4729,0.38609,0.0090237,1.1197,0.16367,0.34893,0.33346,0,0.11029,0,0.046511,0.10152,0.18006,0.011528,2.8495,0.27292,0.44421,0.59305,0.019699,1.4144,0.78003,0.48518,0,0,0.38582,0,0.1936,0.03827,0.17683,1.2795,0.15813,0.0042679,0.94788,0.68997,0.12751,1.9086,0.028126,0.25079
0.061356,0.31648,0,0,0.34397,0.082582,1.005,0.81796,0.48067,0.31686,0.15083,0.04751,0,0.57756,0.069318,0.40409,0.096184,0,0.0044993,0.01842,0,0.030142,0.012142,0.048709,0.17583,1.3561,0,0.29089,0.64936,0.034185,0.39265,0.70155,0,0.52345,0.96254,0.3548,0.59923,0,1.283,0,0.16265,0.40617,0.23311,0.47474,0.82963,0.044095,0.085765,0,0.091453,0.58167,0.034524,0.25598,0.88797,0.028804,0.40773,0.020235,0.1253,0.37118,0.098783,0,0.041977,0.034103,0.20361,0.1015,0.68398,0.46894,0,0.1392,0.01693,0.073375,0.43598,0.39256,0.051224,0.22279,0.011353,0.50566,0.21121,0.15039,0.12387,0.21702,0.51636,0.061667,0,0.037657,0.33519,0.20634,0.74429,0.13809,0.080195,0.026133,0.76841,0,0.41305,0.24362,0.071544,0.67433,0.19384,0.27882,0.65741,2.5318,0.4695,0.23654
0.21062,0.022631,0.021668,0.09832,0,0.58879,0.33637,0.36906,0.76384,0.070035,0.63711,0.68421,0.097235,0.20798,0,0.42185,0.71452,0.30901,0.24195,0.2945,0.17854,0.26145,0.19733,0.14764,0.47471,0.1437,0.17121,3.2329,0.30948,0.059596,0.04934,1.0909,0.38359,0.0086527,0.73491,0.07508,0.72086,1.599,0.069105,0.11223,0,0.059334,0.43875,0.074072,0,0.505,0.48203,0.11791,0.30429,0.28684,0.15548,0.19551,0.020362,0.02667,0.2568,0.20159,0.0432,0.35448,0.1969,0.11938,0.45291,0.21161,0.20681,1.235,0.23821,0.10451,0.030804,0.13454,0.039292,0.019057,0,0.011788,0.60198,0.13446,0.64755,0.29981,0.47393,0.20953,0.41681,0.27641,0.089525,1.2349,1.9967,0.06347,0.18294,0.10333,0.030216,1.5253,0.37487,0.012711,0.22714,0.04494,1.0123,0.15774,0.59865,0.031622,0.11405,0.72129,0.24019,1.8559,0.3336,0.0050999
0,0.45919,0.035763,0.094877,1.6974,0,1.097,0.21566,0,0.39039,1.0942,0.51892,0.15195,0.61093,0,0.99654,0.17025,0.01639,0.052291,1.099,1.5316,0.40265,0.69079,0.033451,0.17426,0.2499,0.013363,0.063387,0.10965,0,0.42935,0.28927,0.050039,0.1695,0.26896,0,0.86175,0.054534,0.40884,0.12153,0.0926,0.078746,1.471,0.037402,0,0.45278,0.15436,0.24161,0.041572,0,0.02691,0.017842,0.014201,0.63415,0.72344,0.15807,0.010375,0.0046053,0.0017782,0.51541,0.21086,0.0067926,0.27723,0.34382,1.2674,0.63006,0.18375,0.10248,0.041159,0.53576,0.11406,0.0056639,0,1.0203,0.38911,0.019579,0.038571,0.82243,0.11388,0.44533,0.21196,0.087498,0.066646,0.015082,0.99315,0.0017863,0.63552,0.47684,0.047674,0,0.13443,0.38202,0.0098546,0.68817,0.25559,0.25481,0.004228,0.14526,0.3456,0.63396,0.03162,1.1932
0.016544,0.34068,0.066561,0.20349,1.3586,0.099446,0,0.5615,0.008092,0.036036,0.023582,0.048242,0.414,0.222,0.37578,0.33706,0.028298,0.10613,0.30752,0.58434,1.2061,0.054856,0,0.31512,0.14423,0.22947,0,0.49277,0.11504,0.0059196,0.0057734,0.003178,0.64308,0.042524,0.056199,0.033007,0.92011,0.60167,0.011107,0.13808,0.15433,0.10234,0.16205,0.15313,0.13611,0.065874,0.052858,0,0.15203,0,0.0018216,0.30326,0.16847,0.0062227,0.12357,0.27522,0,0.155,0.47493,0.14109,0.17349,0.026629,0.6703,0.04207,0.085792,1.6986,0,0.03772,0.8964,0.10479,0,0.30407,1.129,0.067605,0.60148,0.044003,0.014427,0.1268,0.81896,0.94028,0.025311,0.034644,0.5937,0.04297,0.082034,0.0079748,0,0.48153,0.51811,0,0.57668,0.071337,0.056599,0.80223,0.50483,0.17902,0,0.16211,0.80793,0.50261,0.027591,0.60369
0.9372,0.24475,0.59286,2.0818,0.70638,0.28726,2.682,0,0.018809,0.0056436,0.21825,0.057302,0.080009,0.21035,0.045122,0.082346,0.016641,0.26937,0,0.57348,0.020514,0.17535,0.026033,0.21035,0.063848,0.0039486,0.19547,0.26501,0.49935,0.85832,0.34314,0.27178,0.18866,0.018712,0.40348,0,0.8041,0.36058,0.069247,0.31515,0.75125,0.39638,0.13564,0,0.11561,0.35689,0,0.022167,0.021648,0.10208,0.078636,0.2357,0.28982,0.68226,0.19292,0.17375,0,0,1.1502,0.08289,0.25064,0,0.17026,0.0030444,0.039725,1.5056,0.022068,0.22993,0.0050112,0,0,0.0025377,0.47324,0.84302,0.1599,0.39076,5.6646e-05,0.2264,0.070061,0.042148,0.12138,0.23685,1.916,0,0.33072,0.040827,0.086701,0.52306,0.2759,0,0.035669,0.33965,0.81581,0.69768,0.21764,0.12003,0.35571,0.84848,1.0621,0.36787,0.23686,0.40473
0.22303,0.29062,0.048984,0.016481,0.0060923,0.25853,0.52389,0.43416,0,0.96395,0.036437,0.26985,0.12938,0.069044,0.088438,1.0932,0.017022,0.01211,0.1088,0.038807,0.1229,0,0.19145,0.53427,0.098919,0.023796,0,0,1.245,0.09667,0,0.11827,0.37141,0.25583,0.10039,0.032805,0.16766,0.26358,0.23048,0.62889,0,0.42968,0.049467,0.38391,0.022674,0.099899,0.054584,0.046962,2.2032,0,0.0048969,3.1498,0.18893,0.11221,0.44859,0.4189,0.47946,0.18268,0.083385,0.26902,0.023421,0.016799,0.094477,0.50867,0,0.0070047,0.29383,0.040595,0.0072679,0.077824,0.64196,0.13636,0.0023928,0.31134,0,0.38941,2.9196,0.032399,0.12008,0.3839,0.13298,0.47176,0.13897,0.071632,0.010656,0.0087773,0.072557,0,0.28953,0.476,0.037542,0.040275,0.6575,0.89467,0.082549,0.036746,0.016385,1.5514,0.35242,0.48099,0.22602,0.56461
0.023664,0.12076,0.052962,0.13225,0.28377,0.20569,0.033195,1.4606,0,0,1.379,0.78503,0.83749,0.11631,1.553,0.90147,0.91643,0.017608,0,0.22837,0.015404,0,0.18028,0.17536,0.35849,0.074949,0.36689,0.11551,0.25251,0,0.019429,0.088175,0.15438,0.30898,0.11871,0.1635,1.4293,0.30996,0.41906,0.45508,0,0.032088,0.33469,0,0,0.077323,0.25913,0,0.77296,0.10316,0.018109,0.12153,0.50698,0.063136,0.039177,0.030344,1.0446,0,0.072059,1.0162,0.79832,0.011654,0.26655,0.096641,0.60935,1.1287,0.3358,0.096807,0.0065048,0.23178,0.29588,0.89952,0.011162,0.063472,0.74257,0.076356,0.62273,0.10309,0,0.61118,2.2125,0.4093,0.81504,0.76615,0.22413,0.003996,0,1.4267,0.14061,0.0052397,0.11035,0.24617,0.071222,0.54111,0.047147,0.0036093,0.14068,0.13038,0.41018,0.35195,0.032366,0.85531
0.064873,0.25259,0.16635,0.0075274,0.58866,0.24805,0.014546,0.025559,0.033945,0.41343,0,2.1049,1.2641,0,0.24218,0.040938,0.34571,0.40563,0.081391,0.86324,0.50578,0.27189,0.37575,0.89684,0.80453,0.032642,0.52975,1.0332,0.050798,0.023184,0.12337,0.13041,0.016163,0.22576,0.91142,0.31385,0.030698,0.26181,0.070842,0,0.14829,0.24471,1.4341,0,0.017825,1.2071,0.74762,0.10601,0.16713,0.11998,0,0.14967,1.8749,0.094282,0.93367,0.014152,0,0.12295,0.0078657,0.26186,0.77817,0.028756,0.24125,0,0.59933,0.052105,0.14872,1.7882,0.15062,0.20133,0.020786,0.11089,0.16312,0.27932,0.8266,0.033228,0.13623,0.0092172,0.029195,0.0505,0.34652,0.50024,0.030932,0.052142,0.96401,0.069953,0.25786,0.17026,0.016154,0.16086,0.13791,0.33545,0.013292,0.52649,0.00088246,0.12765,0.47724,1.0797,0.12664,0.028985,0.091404,1.9404
0.33453,0.26703,0.83086,0.90366,0.027373,2.2527,2.5785,0.22539,0.074383,0.062025,0.011667,0,0.087575,0.52719,0.52715,0.80546,0.071204,0.0085723,0.52143,0.0026545,0.030437,0.077779,0.046,0.32336,0.020762,0.38515,1.5596,0.24286,0.058381,0.019984,0.71044,0.43059,0.683,0.0020801,0.069524,0.25963,1.5291,0.22029,0.63175,0.045384,0.84533,0.23877,0.13792,0.26904,0,0.00161,0.018973,0,0.16604,0.15211,0.1229,0.44134,2.493,0.30193,0.20003,0.16812,0.043476,0.15979,0.22918,0.66913,0.51783,0.85105,0.34044,0.062842,0.26533,0.26215,0.19818,0,0.14996,0.39452,0.011164,0.12476,0.01417,0.40549,0.00047186,0.079155,0.63868,0.075113,0.37371,0.13786,0,0.090321,0.063506,0.012726,0.079343,0.075893,0.36104,0.15636,0.0123,0.2259,0.33654,0,0.0054543,0.087374,0.58736,0.29559,0.04769,0.12347,0.19619,0.35408,0.046588,0.56893
0.048781,0,0.44795,0.13886,0.73435,0.31797,1.2651,0.00713,0.090461,0.40131,0.030427,0.078849,0,0.20284,0,0.46298,0,0.60245,0,0.67444,0.042081,0.1925,0.026134,0.97609,0.028738,0.0082236,0,0,0.1226,0.040204,0.094348,0.040321,0.1929,0.55617,0.53948,0.046735,0.89161,0.56347,0.10345,0.049766,0.73413,0.60292,0.036115,0.040309,7.6663e-05,0.056625,0.56689,0.46819,0.82745,0.13876,0.090345,0.27951,0.63583,0.16493,0.054831,0.4155,0.034655,0.58614,0.0086049,0.21639,0.47869,0.18487,0.12801,0.12434,1.3919,0.24043,0.79181,0.18456,0.051218,0.025755,0.046389,0,0.074198,0.35718,0.61387,0.22033,0.12894,0.38715,0.67502,0.109,2.3596,0.15597,0.0099208,0.089026,0.45861,1.1672,0.13158,1.6551,0.14428,0,0.13429,0.26389,0.0090739,0.042507,0.15803,0.11881,0.13184,0.13083,0.11754,0.48999,0.27985,0.14964
0.1239,0.18247,1.1221,0.0004363,0.028746,0.31135,0.84413,0.31774,0,0.62101,0,0.28452,0.029235,0,0.53311,0.17197,0.97634,0.61067,0,0,0.3659,0.13365,0.19037,0.021687,1.3383,0,0.24629,0.15807,1.0206,0.38101,0.022564,0.12016,0.011103,0.044823,1.1281,0.36216,1.5781,0.25482,0.041596,1.2616,0.18211,0.049586,0.1631,0,0.057276,0.032797,0.70458,0.050505,0.77267,0.36564,0.0022117,0.037509,0.089805,0.15875,0.012389,0.10559,0,0,0,0.49573,0.40991,0,0.25286,0.43947,0.20279,0.020859,0.2219,0.05401,1.6877,0.10549,0.46415,0.2821,0.24129,0.12492,0.11515,1.1364,0.081566,0.46454,0.014572,0.15776,0.026633,0.12669,0.046397,0.41094,0.15146,0.073963,0.33591,0.2069,0.0041339,0.10324,0,0.13448,0.61416,0.10098,0.0018386,0.42357,0.09899,0.24246,0,0.019349,0,2.4227
0.08911,0.11064,0.16896,0.03601,0.30974,0.56095,1.1492,0.18017,0.017668,0.32052,0.15092,2.0006,0.014411,0.53479,0,0.63584,1.1694,0.78098,0,0.7301,0.017911,0.13796,0.23983,0.065989,0.018923,0.75607,0.50501,0.70396,1.4536,0.00785,0.9322,0.55131,0.15823,0,0.48562,0.027214,0.87937,4.1075,0.35099,0.12579,0.20141,0.064733,1.7856,0.10018,0.032252,0,0.52989,0.21297,0.8485,0.11775,1.1906,0.24374,1.002,0.14983,0.008734,0.25308,0.19262,0.81841,0,0.39199,0.099032,0.043375,0.25193,0.030982,0.19376,0.061459,0.11384,0.037939,0.34851,0.064376,0.35672,0.76198,0.060758,0.09077,0.1917,0.25384,0.24429,0.018326,0.38987,0.82692,0.35007,0.074239,0.042354,0.22155,0.12689,0,0.0050667,0.0043559,0.60901,1.88,0,0.018331,0.43993,0.43328,0.47534,0.54163,0.47885,0.39314,0.3108,0.23858,0.0023749,1.5219
0.13719,0.12357,0.58961,0.14653,0.33028,0.78625,0.56879,0.08172,0.32392,0.15635,0.039325,0.066701,0.03135,0.37784,0.40649,0,0.58375,0.084948,0.64564,0.49296,0.090638,0.067904,0.12547,0.50742,0.67605,0,0.088973,0.11683,0,0.023217,0.052583,0.27593,0.41046,0.015595,0.64724,0.012817,0.056084,0.048195,1.6487,0.039928,0.51741,0.12018,0.20821,0.056057,0.012149,0.030006,0.28364,0.071873,0.040405,0.85547,0.2846,0.53779,3.6228,0.000231,0.37055,0.011584,0.0040129,0.51671,0.099498,0.35408,0.56512,0.081009,3.1417,0.016853,0.011315,0.099408,0.93003,0.27312,0.16664,0.94221,0.49758,0.077151,0.03719,0.078425,2.3119,0.0067214,0.54934,0.017067,0,1.2298,0.017392,0.40725,0.20285,0.18477,0.32858,0.31435,0.46089,0,0.20332,0.017672,0.11817,0.035283,1.9298,0.59707,0.12855,0,0.1056,0.02555,0.22398,0.30011,0.39544,0
0.048533,0.040879,0.0091625,0.11375,0.69912,2.9738,0.242,0.019206,0.017238,0.15617,0.96263,0.15137,0.10002,0.18756,0.19524,0.047076,0,2.0387,0.053195,0.28654,0.3997,0,0.0012514,0.56574,0.95225,0.65964,0.55261,0.23853,0.16918,0.037402,0.081993,0.077409,0.0024555,0,0.1034,0.03927,0.35154,2.601,0.23228,0.096298,0.082587,0.34084,0.022887,0,0.08567,0.22688,0.0039719,0.068296,0.54773,0.41343,0.079536,0.098273,0.32614,0.00088882,0.10995,0.018068,0.051216,0,0.00043067,0.99284,0.074755,0.10712,0.015362,0,1.5303,0.17203,0,0.11173,0,0.16782,0.060969,0.061203,0.62919,0.97685,0.15243,0.02103,0.014587,0.26459,0.15635,0.28281,0.24332,0.20389,0.35848,0,0.57592,0.032671,0.27391,0.081621,0.33275,0.20597,0.087863,0.54589,0.10531,0.14615,0.57282,0.39688,0.10105,0.80445,0.39127,1.1688,0.72419,0.12636
0.27322,0.49796,0.0057503,0.18214,0.98107,0.84626,0.74728,0,0.2861,0.31537,0.066651,0.089769,0.084985,0.52921,0.049428,0.05107,0.62067,0,0.026084,0.009105,0.078903,0,0.63096,1.0651,0.90091,0.05369,0.090587,0.043961,0.22569,0.93331,1.3241,0.29141,2.0903,0.30879,0.78089,0.044828,0.057465,0.8872,0.17419,0.0066067,0.44477,0.1593,0.022678,0.017568,0.048246,0.12462,0,0.026561,0.14242,0.13003,0.39882,0.10922,0.70291,1.5113,0.21785,0.10143,0,0.11722,0.29552,0.79707,0,0.69219,0.57855,0.01952,0.093346,0.33339,0,0.023437,0.035624,0.10418,0,0.1244,0.028917,0.42583,0.1222,0.073998,0.3658,1.0375,0.47895,0.086196,3.248,0.45169,0.26123,0.31648,0.035459,0.40865,0.094109,0.025866,0.32506,0.80979,0.018546,0.015037,0.131,0.012394,2.9296,0.19953,0.097422,1.7018,0.086298,0.16572,0,0.03997
0.057237,0.51581,0.034024,0.074648,0.14486,0.41055,0.012451,0.16529,0.70168,0.01079,0.81662,0.19428,0.051273,0.1372,0.23734,1.224,0.038217,0.20974,0,0.026697,0.22262,0,0.65079,0.016123,0.27328,0.091261,0.28329,0.20087,0.45561,0.10904,0.034427,0.23857,0.60606,0.12689,0.075243,0.023343,0.012505,0.30521,0.43466,0.18781,5.2913,0.12572,0.0016699,0.0098316,0.016626,0.01694,0.31701,1.0503,0.21268,0.16053,0.069175,0,0.26928,0.65523,0,0.10103,0.15546,0.44279,0.44394,0.017292,0.13598,0.76096,0.050145,0.083768,1.0652,0.0060961,0.43392,0.18381,0.12565,0.13367,0.17949,0.26975,0.078954,0.13272,1.0337,0.17963,0.10886,0,0.13476,0.2694,1.5213,0.054201,0.039405,0.12423,0.14551,1.1245,0.094237,0.19224,0.29853,0.2342,0,1.0565,0.048529,0.52996,0.27076,2.0486,0.53472,0.70175,0.044491,0.057044,0.026629,0.091045
0.35555,0.005358,0.51584,0.36387,0.23294,0.35929,0.53882,0.029116,0.3835,0.011872,0.042912,0.71188,0.65648,0.77219,0.0065313,0.046346,0.35756,0.17384,0.13411,0,0.80609,0.32052,0.079725,0.81749,0.19241,1.7499,0.18734,0.66564,0.039266,0.50224,0.11778,0.60177,0.50981,0.029843,0.049305,0.24998,0.0018479,0.64453,0.13322,0.48704,0.128,0.0091764,0,0.31507,0.8769,0.69488,0.46565,0.046339,0.91344,0.21373,0.5816,0.081722,0.605,0.053489,0.0034563,0.03035,0.12535,0.14408,0,0.020936,0.052913,0.00037918,0.36188,0.033626,0.78587,0.37325,0.83826,0.059905,0.20875,0.001166,0.32693,0.41357,0.4002,0.31114,0.38084,0.059974,0.052296,0,0.25591,0.42081,0.067129,1.2765,0.13556,0.96119,0.46225,0.049555,0.075735,1.0125,1.5156,0.31569,0.29532,0.028658,0.25701,0.86066,0.90092,0.053868,0.46758,0.060146,1.0117,0.6263,0.086982,0.57413
0.85385,0.16911,0.050353,0,0.035713,0.1572,0.11984,0.087153,0.10119,0,0.081392,0.31487,0.91484,0.6135,0.37536,0.38636,0.03629,0.83681,0.088463,0.86879,0,0.08041,0.016607,0.49243,0.070903,0.02744,0.33786,0.14598,0.028719,0.20373,1.1761,0.020818,0.44769,0.019905,0.0083286,0.64993,0.27785,0.26761,0.19837,0.061731,0.54769,0.6268,0.80106,0.19914,0.026852,0.11325,0.16635,0.27822,0.38924,0.51858,0.016077,0.0013644,0.40006,0.54341,0.055162,0.053476,0.034427,0.00061708,0,1.3439,0.54666,0.11852,0.085641,0.020369,0.11651,0.38215,0.41452,0.1575,0.08233,0.13077,0.82983,0.055249,0.56518,1.3157,0.012325,0.54789,0.024358,0.71221,0.12483,0.11837,0.033155,0.33883,0,0.48319,0.15799,2.2812,0.51,0.76482,0.075253,0.010335,0.2763,1.4629,0.0036044,0.45172,0.55187,0.016841,0.82715,0.83474,0.085542,0.41894,0.088041,0.10975
0.63369,0.014982,0.26928,1.2414,0.46153,0.044438,0.08184,0.032471,0,0.0065761,1.087,0.54806,0.056924,0.098398,0.095773,0,0.055675,0.25061,0,0.3511,0.03894,0,0.1508,0,0.27898,0.15779,0,1.291,1.0298,0.26778,0.96028,0.093112,0,0,0.29521,0.0040339,0.34589,1.4651,0.51869,0.40402,0.16807,0.01958,0.0073741,0.12552,1.2178,0.29601,0.015154,0.026315,0,0.054565,0.37166,0.47381,0.14812,0.0078501,0.30655,0.03591,0.24602,0.56206,0.063591,1.1464,0.61375,0.58093,0.0039756,1.047,0.54733,0.050867,0.27614,0.032588,0.70233,0.0027705,0.38811,0.20312,1.6205,0.09763,0.29931,0.1318,0.30395,0,0,0.34482,0.0077355,0.074197,1.4206,0.018522,0,0.12956,0,0.068428,0.08168,0.17272,0.01434,0.62226,0.07174,0.10482,0.22675,0.17257,0.39937,0,0.24317,0.034905,0.25457,0.0042579
0.36848,0.03109,0.0024561,0.73875,1.2139,1.7831,0.20354,0,0.25147,0.092969,0.015191,0.26579,0.036707,0.78329,0.0098849,0.059513,0.021289,0.28801,0.11549,0.48075,0.21248,0,0,0.058993,0.43911,2.2856,0.11046,0.0090177,0.00039153,0,0.054091,0.15989,0.17,0.029675,0.022956,0.057406,0,0.096646,0.37263,0.25766,0.1091,0.1034,0.68322,0.39141,3.1057,0.048822,0.078697,0.20065,0.018185,0.0072072,0.082297,0.23348,0.42625,0.0434,0.019199,0.092613,0,0.41334,0,0.21308,0.1993,0.17061,1.2125,0.50023,0.076805,0,0.028997,0.15122,0.29879,0.0088054,0.017975,0.080595,0.11323,0.023048,0.505,0.3173,0,0.76034,0.61284,0.024676,0.07319,0.66152,0.60889,0.34585,0.11958,0.1492,0.80493,0.054453,0.040981,1.4397,0.041866,0.018497,0.24474,0.88336,0.85995,0.042146,0,0.30117,0.0026928,0.71355,0.47721,0.034118
0.14167,0.060703,0.022305,0.13048,0.076554,0.8326,0.72894,0.13043,0,0.83361,0.93178,0.061809,0.090896,0.44354,0.052692,0.5455,0.89023,0.082648,0,0.021253,0.050124,0.20751,0.03353,0,0.27351,0.10933,0,0.29605,0.69434,0.084169,0.044297,0,0.016399,0.072563,0.0073528,0.13872,0.034305,0.055129,0.55864,0.075566,0.061313,0.01457,0.33579,1.0914,0.068758,0.53896,1.6275,0.0016116,0,0.12316,0.086182,0.0048093,0.11697,0.16367,0.23228,0.095686,0.11386,0.11508,0.033037,1.0482,0.071159,0.02945,0.099898,0.006536,0.7578,0.25469,0.063808,0.37627,0,0.012574,0.07138,0.42276,0.22113,0.65083,0.11073,0,0.15691,0.2298,0.01385,0.064861,0.88641,0.67797,0.60258,0.082406,0.40182,0.027962,0.097616,0.030868,1.314,0.16627,0.1166,0.17061,0.84585,0.2766,1.0121,0.08413,1.4595,0.9343,0.16146,0.30628,0.68593,1.2262
0.25034,0.0072592,0.048506,0.58009,0.40097,0.60952,0.31101,0.20587,0.029618,0.10907,0.14102,0.23646,0.055168,0.68684,0.22682,0.6581,2.1246,0.014086,0.7266,0.1548,0,0.0064753,0.31468,0.099053,0,0.085375,0.060744,2.6115,1.5681,0.22485,0.07505,0.15268,0.328,0.14309,0.023237,0.10236,0.015041,1.3709,0.13357,0.14846,0.034364,0.24652,0.080645,0.13456,0.435,0.014772,1.0738,0.26867,0.21358,0.046039,0,0.023553,1.2676,0.21933,0.15498,0.39955,4.738,0.31648,0.020855,3.6996,0.43088,0.16313,0.29979,0,0.0090359,0.098494,0.21978,0.038978,0.027898,0.30085,0,0.14747,0,0.46756,0.48348,0.22265,0.23695,0.017185,0.071869,0.0028902,0.072593,0.052265,0.40367,0.026076,0.020926,0.090046,0.10798,0.014642,0.10978,0.11248,0.057804,0.15631,0.3651,0.10489,0.00023945,0.0071107,0.22054,0.97138,1.1216,0.11936,0.16843,0.14116
0.048314,0.36313,0.010532,0.76785,0.010626,0.47902,0.00032996,0.0122,0.23578,0.62399,0.031619,0,0.0013253,0,0,0,0.26135,0.91699,0.14081,0.33191,0.80272,0,0.39246,0.1266,0,0,0.46939,0,0,0.22623,0.23605,0.022486,0.10302,0.24417,0.38899,0.24624,0.33574,0.35976,0.0010225,0.56182,0.37429,0.065307,0.35737,0.014232,0,0.41524,0.040483,0.336,0.40704,0.29889,0.053708,0.36232,0.14391,0,0,0.27366,0.026348,0.73926,0.25174,1.1806,0.009821,1.3486,0.2756,0.16843,0.33553,0.00070482,0.079972,0.022942,0.022636,0.50597,0.053922,0.046975,0.7572,0.41282,0.84552,0.020283,0.18679,0,0.2886,0.11418,0.13706,0.25531,0.020736,0.28347,0.023847,0.42874,0.55827,1.2356,1.2453,0.94869,0.30318,0.092767,0,0.93395,0.44957,0.38223,0.33569,0.61438,1.1127,0.05816,0.13961,0.36819
1.0803,0.51761,1.3987,0.13114,0.17261,0.83379,0.056705,0.43912,0.006753,0.11995,0.12538,0,0.24498,0.17651,0.018881,0.52463,0.25112,0.053782,0.070982,0.58785,0.00021414,0.029544,0.36227,0.050412,0.091599,0.24267,0,0.30872,0.49071,0,0.019478,0.1496,0,0.21148,0.011204,0.42482,0.14864,0.53025,0,1.1627,0.51002,0.20165,0.76113,0.099521,0.01669,0.014893,0.35587,0.46217,0.481,0.66027,0,0.045078,0.7201,0.09022,0.029899,0.39449,0.00065961,0.34433,0.085918,0.095356,0.011898,0.091613,0.041802,0.14425,1.0588,0.59912,0.12669,0.39516,0.19477,0.012666,0.74902,0.70253,0.28775,0.32349,0,0.48119,0.010398,0.070021,0.11977,0.10038,0.12647,1.6204,1.0041,0.035824,0.090955,0.12096,0.024412,0.29807,0.19524,0.95106,1.5374,0.31303,0.7564,0.4209,0.15008,0.44222,0.1222,0.92049,0.20399,0.045269,0.29512,0.016212
0.92184,0.58427,0.015656,0.033885,0.044658,0.70696,0.2603,0.14256,0.24902,0.1688,0.055271,0.054776,0.1029,0.28988,0.98182,0.79236,0.071254,0.16761,0.032934,0.77723,1.1363,0.015173,0,0.13564,0.40723,0.27033,0.20189,0,0.25956,0.11597,1.7743,0.071099,0.03473,0.020061,1.5018,0.16677,0.20274,0,0.081346,0.55279,0.050845,0.46127,0.24403,0.23712,0,0.03733,0.020093,0.0030919,0.0049131,1.4342,0.78069,0.12127,0.76894,0,0.70407,0.50494,0.062023,0.10625,0.22857,0.25091,0.26321,0.32326,0.052235,0,0,0.32741,0.099666,0.77193,0.0070184,0.36019,0.12262,0.82175,0.64548,0.055129,0.088153,1.0276,0.059692,0.1085,0,0.019191,0.31048,0.66814,0.12686,0.17696,0.59829,0.085922,0.066052,0.94198,1.6458,0.48116,0.082448,0.023774,0.017964,2.0003,0.10031,0,1.0956,0.27325,1.0437,0.24397,0.11647,0.31896
0.063044,0.16399,0.4694,0.81622,0.26373,0.036758,0.20442,0.21917,0.40322,0.15683,1.5169,0.063207,0.012189,0.92647,0.34177,2.3029,0.69953,0.035852,0.0038124,0.022575,0.026831,0.19007,0,0.40998,0.11516,0.037647,0,0.50329,0,0.13287,0.18062,0.61081,0.0026265,0.2811,0.048795,0.84018,0.093492,0.089739,0.49147,0.0030954,0.013233,0.006072,0.13637,0.42998,0.68599,0.40582,0.011276,0,0.22162,0.82451,0.020788,0.24241,0.68071,0.013134,0.47076,0,0.046479,0.01168,0.14665,1.2316,0.27965,0.14101,0.050825,0.53962,0.14743,0,0,0,0,0.6285,0.0021329,0.042685,0.31233,0.39504,0.28944,0.22861,0.036997,0,0,0.066307,0.087354,1.0322,0.11644,0.070798,0.26696,0.11189,0.093109,0.056452,0.29786,0.61876,0.16342,0.073762,0.2058,0,0.3987,1.067,0.52881,0.13272,0.0089298,0.15338,0.65143,0.01511
0.34939,0,0.074084,0.14148,0.85562,0.14937,0.0061923,0.51043,0.26269,0.070733,0.18628,1.9876,0.33195,0.017716,2.0552,0.40151,0.2189,0.0090898,0.019126,0.16573,0,0.16707,0.46789,0.1945,0.077069,0,0.030417,0,0.30315,0,0.040968,0.020042,0.35987,0.11648,0.1899,0.46336,0.11992,0.085672,0.28342,0.37263,0.59633,0.19221,0,0,0.82126,0.42919,0.023832,0.12298,0.32261,0.11984,0.076729,0.10494,1.4297,0.016963,0.48387,0.040696,0.091764,0.12084,0.73372,0.86704,0.077509,0.85042,0.096085,0.35953,1.5255,0,0.10076,0,0.048997,0.52118,0.087858,0.25861,0.18182,0.1269,0.11123,0,1.0645,0,0.030271,0.068096,0.067817,0.98178,0.023816,0.45649,0.35848,0.17351,0.45311,2.5496,0.69799,0.048823,0,0.13227,0.018681,1.0564,0.058395,0,0,0.046363,0.023239,0.27287,0.024256,0.032753
0.21838,0,0,0,0.008626,0.10822,0.54196,1.2347,0.017323,0,0.063574,0.25165,0,0.11549,0.47079,0.0043506,0.10325,0.21384,0.05252,0.15754,0,0.031012,0.0085325,0.080197,0.063504,0.020665,1.159,0.37742,0.07082,0.10484,0,0.51331,2.1226,0.027322,0.12242,0,0.36649,0.025171,0.28252,1.0426,0.31701,0.63734,0.017749,0.13228,0.34853,1.3186,0.13683,0.40798,0.38625,0.59112,0.64274,0,2.4713,0.29908,0.38192,0.22701,0.64914,0.020903,0.0037947,0.14177,0,0.081105,0.017945,0.17852,0.035102,0,0.21673,0.074184,0,0.84189,0.50411,0.041267,0.66358,0.17143,1.5998,0.10349,0.0025442,0.11929,0.23703,0.028156,0.10082,0,0.080442,0.70848,0.026564,0.016381,0.0070679,0.2726,0.038937,0.10738,0.29586,0.79367,0.014384,0.44178,0.43504,0.35723,0.085896,0.66691,0,0.073294,1.4713,0.35471
0.34297,0,0.070231,0.0068872,1.1999,3.1171,0.38666,0.61909,0.010982,0.049496,0.070911,0.71658,0.22437,0.040883,0.044078,0.28596,0.93129,0,0.043525,0,0,0.073211,0.025683,0.059478,0.44476,0.1142,0.29924,0.13046,0.016797,0.013396,0.24296,0,0.56263,0.26348,0,0.04739,0.27548,0.019235,0.036668,0.37803,0.083231,0.87697,0.028711,0.17492,1.0884,0.19578,0.68051,0.55666,0.34827,0.67425,0.088756,0.1158,0.4615,0.093983,0.078245,0.96298,0.017207,0.037118,0.49227,0.0029875,0.23672,0.15339,0.16959,0.61079,0.07136,0.94483,0.027548,0.13606,0.021865,0.60352,0.15509,0.028026,0.62821,0.23484,0.77845,0.025094,2.1803,0.073811,0.53436,0.013082,0,0.70872,0,0.15991,0,0.4729,0.35138,0.09013,0.0005909,0.04928,0.50987,0.46379,0.15515,0.17078,0.088655,0.10041,0.44239,0.020634,0.051551,1.3037,0.47484,0.50695
0.21429,1.0108,0.05934,0.079341,0.098067,0.26571,0,0.33092,0.26201,0.29984,1.1066,5.4652,0.10518,0.17847,0.090794,0.14372,0.10996,0,0,0.33548,0,0.046329,0.028051,0.0095328,0.15583,0.13103,0.044316,0.46755,0.031979,0.65,0.327,0.24323,0,1.4056,0.62861,0.16556,0.08437,0.15973,0.0030685,0.44197,0.045261,0.067146,0.051709,0,0.072171,0.0017006,0.3722,0.13898,0.23118,0.062546,0.036062,0,0.034964,0.12584,0.8519,0.16241,1.4772,0.16066,0.26848,0.091983,0.18516,0.15114,0.077764,0.1018,0.85996,0.018413,0,0.3092,0.08532,0.32791,1.2859,0.97093,0.83376,0.17179,0.57846,1.0191,0.13438,1.3832,2.0809,0.15768,0.032988,0.43897,0.013773,0.34081,0.11995,0.13069,0.031822,0.080476,0,0.86077,0.14005,0.03158,0.00048168,0.27055,0.030757,2.3566,0.40485,0.83294,0.21388,3.0404,0.031878,0.98157
0.193,0.39577,2.4146,0.72146,0.14823,0.16862,0.23007,1.6287,0.33396,1.0358,0.25266,0.37421,0.54208,0.54878,0.044954,0.13257,1.0281,0.0027335,0,0.16667,0.17661,0,0.09878,0.10504,0.0028579,0.062032,0.031976,0.020684,0.40579,0.91171,0,0.2647,0.26361,0,0.20458,0.1733,0.38306,0.63873,0.15849,0,0.0026067,1.2744,0.095973,0,0.066223,0,0.16145,0.066818,0,0,0.11791,0.27525,1.1926,0.084969,0.4956,0.57123,0.56154,0.89441,0,0.31794,0.64468,0.80362,0.36148,0.071515,0.003428,0.4905,0,0.79122,0.094694,0.22221,0,0.2676,0.20949,0.43844,0.083685,0.20857,0.062043,0.13419,0.3485,0.021457,0.17824,0.25551,0.054644,0.18455,0.014999,0.01549,0.092463,0,0.75612,0.22787,0.00064666,0,0.23174,0.24841,0.0050983,0.02865,0.68679,0.088751,0.27675,0.56903,0.028209,0.21555
0.13475,0.08605,0,0.14574,0.36583,0.065493,1.2722,0.98081,0,0.058737,0.051342,0.74707,0.11538,0.12234,0.54593,6.7791,0.0044976,0.14636,0.13402,0.12792,0,0.20334,0.0038535,0.0045591,0.34409,0,0.30587,0.001094,0.077195,0.12868,0.028521,0.011816,0.043488,0.58212,0,0.042994,1.3643,0.0093202,0.0059647,0.19271,0.28242,0.10041,0.19914,0.024833,0.13634,0.034039,0.10942,0,0.82528,0.15131,0,0.026875,1.2843,0.30153,0.035109,0.16919,0.064543,0.14546,0.62511,0.015111,0.0090288,0.024597,1.0927,0.12097,0.28702,0.07708,0.021049,0.0067977,0.027087,0.026356,0,0.090974,0.71398,0.13518,0.050285,0.26541,1.1542,0.13277,0.032349,0.28916,0.43517,0.1327,1.4209,0.12119,0.11086,0,0.31024,1.0051,0.016354,0.12287,0.15439,0.50711,0.062415,3.1845,0.02193,0.077482,0.35353,0.86144,0.34777,0.19549,0.017122,0.078259
0.17596,0.022483,0.033755,0.0038392,0,0,0.060931,0.15805,0.082383,0.037328,0.24496,0.31206,0.2773,0.042998,0.057212,0.58868,0.26058,0.17543,0,2.461,0.17279,0.0082,0.27574,0.42714,0.18359,0.25311,0,1.7474,0.59787,0.15825,0.38528,0.32117,0.55017,0.17974,0.10557,0,0.017128,0,0.58637,0.44371,0.10045,0,0.0062788,0,0.052513,1.2473,0.34479,0.23455,0.1383,0.1528,0.054446,0.56928,1.2286,0.040771,0.031404,0.033372,0.66164,0.024694,0.099343,0.044167,0.6198,0.039942,0.60334,0.028162,0.13051,0.040717,0,0.48664,0.03409,0.12076,0.11525,0.34448,0.36794,0.084481,0.060646,0.19073,0.71277,0.28495,0.05357,0.088045,0,0.3198,0.54336,0.044949,0.78688,1.3646,0.030158,1.2878,0.025467,0.062715,0.1083,0.37724,0.24768,0.30393,0.58453,0.01357,0.1516,0.67041,0.24455,0.57816,0.64566,0.084678
0.66521,0.02526,0.083806,0.062755,0.88902,0.58643,0.084076,0.082972,0.012134,0.3312,0.0039885,1.8875,0.31417,0.10569,0.15965,0.58664,0.19399,0.0092245,0.01242,0.89534,0.0030185,0.040181,5.1675,0.028355,0.04252,0.035888,2.1632,0.38479,0.16658,0.43601,0.0078074,0.36973,0.14808,0.16691,0.36148,0.13075,0,0.05192,0.16866,1.4963,0.49092,0.26523,0.10611,0.020602,0.0054105,0.6326,0.95152,0.3677,0.028673,1.3459,0.35809,0.40091,0.0034111,0,0.045664,0.2193,0.89803,0.047633,0.65993,0.082609,0.0073241,0,2.0322,0.35833,0.6774,0.091893,1.9644,0.24508,0,0.15303,0.10322,0.23496,0.40189,0.143,0.040029,0.9497,0,0.062482,0.0027309,0.49372,0.027782,0.24047,0.06105,0.14254,0.84648,0.046163,0.012256,0.049465,0.10488,0.026967,0.0091673,0,1.2139,0.68009,0.079191,0.66473,0.57234,0.0093278,0.82515,0.020753,0.36639,1.6281
0.24439,0.09098,0.2015,0.16601,0.64425,2.1316,0.027586,0.35856,0.60046,0.49961,0.7246,0.41927,0.4378,0.15743,0.44147,0.095201,0.16238,0.81337,0,0.56369,0,0.23018,0.14426,0.0072258,0.26877,0.89103,0.048415,0.029467,0.036298,0.026954,0.18915,0.16062,0.17981,0.080321,0.6432,0.046208,0.032017,0,0.49721,0.94468,0.056428,0.038083,0.043672,0.18577,0.11566,0.1769,0.043173,0.040049,0.16302,0.12405,0.037111,0.018514,0.86141,0.79711,0.084105,0.74457,0.0099244,0.0040429,0.46521,0.096607,0.087004,0.25679,0.078425,0.049358,0.47499,0.15603,0,0.63515,0.0055021,0.019375,0.40681,0,0.86818,0.47493,0.78494,0.013265,0.063424,1.0491,0.035922,0.39391,0.96185,3.0268,0.083335,1.1723,0.25973,0.36504,0.012659,0.56923,0.42799,0.015555,0.46329,0.0056692,0.04671,0.046195,0.42643,1.0889,0.57589,0.036904,0.59263,0.36571,0.58989,0.14426
0.30326,0,0.060539,0.28636,0.12445,0.0052045,0.70537,0.032885,0.064657,0.0059345,0.11505,0.7546,0,0.10355,1.2809,5.6743,0.082076,0.55145,0.015021,0.73405,0.23944,0,0.011189,0.089344,0.073727,0.13469,0.68928,0.36959,0.037111,0.18882,0.096416,0.10763,0.061286,0.72772,0,0.10327,0.022742,0.13556,0,2.3971,0.16573,0.70205,0.20985,0,0.0056447,0.013693,0.99649,0.068717,0.67397,0.023963,0.52813,0.13415,2.1174,0.10392,0.064123,0,0.18777,0.10783,0.016997,0.56438,0.21505,0.065362,0.87734,0.013252,0.0027642,0.94567,0.19883,0.8134,0.066168,0.021789,0.017529,0.89473,2.2162,0.29545,0.13883,0.77909,0.037395,0,0.1825,0.11986,0,0.024808,0.11662,0.03502,0.16525,0.30518,0.025247,0.017827,0.19933,0.13497,0,0.063235,0,0.34991,0.0311,0.001457,0.15789,0.82143,0.034416,0.22309,0.2234,0.21684
0.15532,0,0.0041102,0.005452,0.045859,0.093841,0.57899,0.57339,0,0.00714,0.80798,0.0586,0.076654,1.0463,0.082761,0.4006,0.12654,0.067225,0,0.18688,0,0.0067875,0.0028599,0.273,0.83811,0.071017,0.40822,0.031556,0.21214,0.046595,0.82544,2.7396,0.022602,0.018444,0.311,0.21382,0.34436,0.14295,0.67493,0,0.23655,0.46852,0.42884,0.15167,0.11664,0.018302,0.85731,0.35607,0.052194,0.033351,0.96133,0.30768,0.36168,0.76927,0.17553,0.18841,0.3354,0.11269,0.48635,0.10433,0.088923,0,0.73526,0.23109,0.00011236,0.708,0.27981,0.3592,0,0.0046484,0.027096,0.2382,0.78609,0,0.34671,0.2881,0.17673,0.40941,0.010282,0.011605,0.066742,0.082268,0.34315,0.32196,0.044791,0.10425,0.080353,0.40408,0.089206,0.049651,0.022182,0.28789,0.37964,0.64987,0.006109,1.8787,0,0.011588,0.20378,0.030179,0.38045,0.17498
0,0.032568,0.11923,0.1096,0.9943,0.065217,0.27891,0.2051,0.18826,0.0031892,0.42247,0.033134,0.36544,1.5228,0.47958,0.065476,0,0.28434,0.010467,0.1703,0,0,0.01494,0.25305,1.1356,0.072071,0,0.058049,0.015696,1.1491,0.21519,0.16171,0.14484,0.1754,0.50386,0.028828,0.42058,3.2547,5.8748,0.060533,0,0.14674,0.40601,0,0.25042,0.038385,0.26415,0.092348,0.47734,0.22147,0.042859,0.10638,0.061332,0,0.1312,0.40689,0,0.1218,0.69434,0.028147,0,0.35047,0.53289,1.2296,0.21084,0.21909,0.34857,0.67646,0.17675,0.0091522,0.46237,0.019698,0.48079,0.039652,0.010152,0.19216,0.050362,0.021154,0.22586,0.059911,0.054658,0.13777,0.64131,0.077361,0.076282,1.238,0.24876,1.8296,0.69276,0.75774,0.093064,0.53223,0.34721,0.047935,0.80151,0,0.059236,0.06561,0.024293,0.005419,0.41657,0.2544
0.023175,0.17099,0.15412,0.077118,0.079582,0.39595,1.6344,0.00033545,0.21439,3.3228,0.20836,0.038666,0,0.061635,0,0.10405,0.068652,0.0033506,0,0.22434,0.0848,0.79991,0.053587,0.041105,0.34268,0.1712,0.050751,0.40775,0.12031,0.20125,0.46773,0.0017728,0.027305,0.031541,0.18658,0.18683,0.070437,0.49233,0.050484,0.64005,2.2042,0,0.097726,0.14732,0.012955,0.70597,0.14299,0,0.1326,0.32786,0.25356,0,0,0.14238,1.0049,0.14538,0.23449,0.00059775,0.14175,0.046562,0.070308,0.13464,1.0767,0,0.25419,0.15767,0.12629,0.14579,0,0.033768,1.1638,0.24128,0.13902,0.13562,0.44989,0.60863,0.16082,0.18341,0.11316,1.1209,0.80829,0.99179,0.25317,0.0037415,0.31154,0.27894,0.12745,0.47937,0.14799,0.59288,0.096715,0.21758,0.16093,1.2153,0.047703,1.5761,0.0099566,0.090288,0.097978,0.48129,0.26478,0.010342
0.50255,0.034241,0.59312,0.076197,0.21495,0.74571,0.58023,0.20251,0.016012,0.15591,0.25147,1.071,0.31303,0.02043,1.2236,0.036341,0.46751,0.29529,0.034127,0.051504,0.32432,0.022425,0.35059,0.22968,0.24282,0.039927,0.18102,0.60735,0.23303,0.03118,0.67377,0.99217,0.30781,0.72083,0.694,0.068375,0.096288,0.50769,0.015355,0.61776,0.46811,0.024426,0,0.020109,0.13892,0.45,0.14628,0.073549,1.2163,0.25703,0.40181,0.19281,0.14468,0.56512,0.23846,1.0067,0,0.0013307,0.64644,0,0.55006,0.59232,0,0,0.53007,0.3058,1.4192,0.1021,0.00033238,0.25047,0.031051,0.12895,0.07133,0,4.6692,0.21403,0.1999,0.010091,0.014367,0.27486,1.2632,0,0.10586,0.047405,0.38981,0.016959,0.036443,0.10443,0.1073,0,0.073619,0.51791,0.013196,0.82165,0.017234,0.66405,0.074203,0.021461,0.04415,0.80111,0.21376,0.013364
3.1299,0.2215,0.61592,0.64426,0,0.13463,0.80201,0.010445,0.0057143,0.30243,0.22462,0.076454,0.16867,0.042545,0.11793,1.1178,0,0.09169,0.1137,0.25146,0.23736,0.42735,0.13485,0.068975,0.019035,0.094629,0.17397,0.55355,0.71472,0.35131,0.48704,0.036876,0.51359,0,0.026466,0.011917,0.048962,0.089645,0,0.17039,0,0.052197,0.43065,0,0.12447,0.0007507,0.8792,0.12506,0.62799,1.961,0.79118,0.28808,0.14906,0.42508,0.27698,0.047413,0.15338,0.76243,0.63826,0.1552,0.12819,0.36325,0.076537,0,0.15065,2.0319,0.012998,0.98629,0.0032115,0.098074,0.040729,0.12756,0.32807,0,0.18185,0.29714,0.12578,0.12438,0.21531,0.73299,0.86642,0.21759,0.050496,1.0429,0.041174,0.50257,0.041125,0.29973,0,0.049234,0.17467,0,0.066623,0.17302,0.11964,0.85294,0.18802,0,0.12611,1.3316,1.9865,0.27609
1.0639,0.011409,0.24614,1.1574,2.0185,0.051359,0.001561,0.12612,1.3796,0.012915,0.003485,0.5733,0.013,0.01426,0.41578,0.05584,0.17192,0.2253,0.071416,0.0032512,0,0,0.017303,0.031565,0.013794,0.11262,0.061881,0.26515,0.32755,0.40099,0.045223,0.18083,0.09257,0.13457,1.3023,0.072665,0,0.30488,0.25697,0.21118,0.51224,0.59501,0.019602,0.066985,0,0.24245,1.7131,0,0.30369,0.38407,1.0831,1.5626,1.6445,0.18523,0.023256,1.8912,0.0010275,0.0764,0.3043,0.019385,0,0.60783,0.02783,0,0.28143,0.4151,0.50902,0.25961,0,0.058754,0.069187,0.16775,0.56953,0.56549,1.2683,0.14212,0.22189,0,0.046724,0.65946,0.59028,0.036428,0.30415,0.070967,0.046815,0.012678,0.074828,0,0.97947,0.046262,0.040113,0.92053,0.13348,0.30276,0.00049258,0.10014,0.62093,0.60078,0.15255,1.3561,1.8393,0.035009
0.0094647,0.29146,0.068016,0.19152,0.55135,0.11905,0.032777,0.95948,0.26859,0.10362,1.9436,0.54147,0.32839,1.3482,0.015124,0.16227,0.015544,0.041541,0.046573,0.057743,0.0043162,0,0.11178,0.86353,0.13113,0.010117,0.096299,0.04558,0.30185,0.17612,0.20009,0.14689,0.2421,0.61925,0.89387,0.067607,0.1873,1.7677,0.26758,0.16533,0.083493,0.45206,0.77472,0.037902,0.037431,0,0.86063,0.1355,0.45214,0.24846,0,0.74147,0.20278,0.66391,0,0.45527,0.10296,0.059703,1.3292,0.10442,0.057466,0.022331,0.00034629,0.71153,0.2019,0.16914,0.083366,0.51819,0.0015792,0.34111,0.12789,0.16554,1.1431,0.25256,0.023899,0.026865,0.018022,0,0.47068,0.28672,2.5027,0.2367,0.040144,0.038075,0.070566,0.77211,0.42557,0.044644,0.026761,0,0.035244,0.62993,0.90044,1.0521,0.4629,0.46753,0.16334,1.4378,1.2627,0.026198,0.71743,0.52604
0.25564,0.031541,0.071915,0.10427,0.94136,0.37187,1.3206,1.3962,0.2369,0.0075083,0.39539,2.3413,0.023628,0.091142,0,0.062949,0.017507,0.03084,0.024181,0.044817,0.10712,0.37628,0.063329,0.27469,0.23173,0,0.012255,0.70203,1.7546,0.059094,0.038265,1.0535,0.33775,0.30053,0.30755,0.20224,0.26052,0.65841,0,1.2733,0.63696,0.15004,0.3464,0.029867,0.3797,0.41187,0,0.002033,0.24627,0.15693,0.62792,0.10166,1.8853,0.18227,0.1095,0.10854,0.24442,0.03306,0.094735,0.11038,0.051105,0.023684,0.11128,0.054742,0.078726,0.14191,0.261,0.44579,0,0.062199,0.073465,0.016453,0.035913,0.0080422,0.18237,0.062691,0.39636,0.14142,0.05558,0.29695,0.058828,0,0.59244,0.028922,0.048385,0.028812,0,0.028281,0.15417,0.4374,0.01141,0,0.90378,0.31828,0.065393,0.11613,0.042113,0.064208,0.045633,1.4497,0.41029,2.2341
0.076436,0,0.11611,0.47489,0.42899,0.17969,0.02362,0.31636,0.048917,1.2124,0.0051286,0.73153,0.038556,0.097602,0.044889,0.017859,0.028459,0.004233,0.01532,1.0724,1.8576,0.18486,0.063426,0.0035265,0.10397,0.26113,1.0881,0.13444,0.074782,0.020046,0.052132,0.44699,0.34041,0.038925,0,0.032724,0.2975,1.2563,0,0.066322,0.15019,0.071083,0,0.039851,0.22353,0.53516,0.39548,0,1.1576,0.58077,0.017914,0.55796,0.4076,1.3695,0.29911,0.96065,0.50773,0.095124,0,0.029366,0.026266,0.010357,0.099163,0.0011194,0.27367,0.31163,0.061584,0.33726,0.38067,0.067334,0,0.060356,2.205,0.0079485,0.01435,1.2255,0.13734,0.0029219,0.018998,0.4006,0.012543,0.0083166,0.013225,0.67203,0.0086292,0.20348,0.86415,0.049909,0,0.0022247,0.46193,0.27282,0.70585,1.6934,0.74732,0.40497,0,0.37727,0.096389,0.025274,0.36956,0.6003
0.31902,0.035319,0.719,0.39163,0.34464,0.21348,0.24506,0.42568,0.18507,0.3612,2.6722,1.1285,0.027569,0.089851,0.073175,0.074543,0.15679,0.26208,0.12939,0.11131,0.041928,0.036987,0.11109,0.34836,0.10543,0,0.12069,0.00068708,0,0.0073132,0.03718,0.14033,1.1086,1.0402,0.33337,0.0017029,0.10087,0.028088,0,0.38348,0.059847,0.13441,0.77501,0,0.020792,0.04415,0.44046,0.041623,0,1.0783,0.099837,0.35518,0.64229,0.1703,0.10438,0.20753,0.58536,0.39615,0.034974,0.013952,0.10169,0.42837,0.084403,0.048887,0.16293,3.089,0.010491,0.27021,0.0062831,0.16052,0.98789,1.7871,0.11772,0,0.071341,0.25831,0.0020401,0.019664,0.18539,0.099651,1.5868,0,0.032178,0.00073168,0,0.03245,0.1973,0.12393,0.10551,0.061833,0.21247,1.1044,0.72444,0.55311,0.28912,0.13241,0.63335,0.33228,0.33932,0.056524,0.85624,0.26681
0,0.26009,1.0184,0.73163,0.92925,0.33946,0.28395,0,0.075121,0.024649,0.16716,0.050401,0.46382,0.015651,0.63018,0.81597,0,0.45022,0.13348,0,0,0.25143,0.012628,0.099867,0.85028,0.0014306,0.11111,0.99099,1.7634,0.41885,0.0092876,0.043643,0.01058,0.092987,0.083236,0.13079,0.69871,0.64018,0,1.1875,0.11707,0.034016,0.52386,0.15923,1.0711,0.023066,0.011939,0.33427,0.53209,0,0.55634,0,0.37665,0.5515,0.22119,1.9827,0.056616,0.085587,0.016376,0.096857,0.0030411,0.053273,0.60217,0,0.024862,0.0050914,0.00074366,0.27583,0.040404,0.328,0.16138,1.4407,0.0048272,0.34589,0.41078,0.14524,0.10256,0.0080973,0.07321,1.0201,0.5289,0.3096,0.076072,0.19239,0.050776,0.096925,0.57605,1.3185,0,0.1867,0.036517,0.40839,0.05272,0.66452,0.011038,0.16586,0.10378,0.14049,1.0871,0.4231,0.096924,0.8901
0.59704,0.089953,0.451,0.024475,0.5629,0.23693,0.30947,0.19259,0.75749,0,2.2539,0.16633,0.64443,0.03249,0.0060581,0.095669,0.79542,0.2878,0.13468,0.019669,0.019995,0.10231,0,0.21408,0.040007,0,0.026012,0,0.08502,0.065517,0.10754,0.52383,0.16269,0.25243,0.061345,0.035155,0.10672,0.58214,0.13528,2.3372,0.079344,0.027582,0.046681,0.058071,0.13432,0.17974,0.037708,0.18702,0.27115,0,0,0.10071,0.83214,0.34286,0.68537,0.36852,0.34101,0.047433,0.23947,0.00088954,0.9116,0.022769,0.65519,0.1498,0.010995,0.17667,0.070372,0.23816,0,0.14649,0.28324,0.73129,0.12562,0,0.85366,0,0.1841,0.30996,0.11206,0.032775,0.20288,0.58925,1.1951,0.029547,0,0.31185,0.46148,0.11279,0.0097636,0,0.21316,0.20564,0.026815,0.027133,0.11618,0.54556,0.20019,0.42366,0.036152,0.20287,0.63458,0.63597
0.43179,0.068202,0.0035291,0.21102,0.28132,1.0355,0.80683,3.4596,0.072703,0.035683,0.18394,0.74698,0.32217,0.76636,0.26908,0.064577,0.034128,0.23144,0.057807,0,0.022715,0.44869,0.6429,0.031406,0.54306,0.011104,0.059302,0.084591,0.14396,0.27295,0.4884,0.6989,0.084943,0.093867,0.074248,0.30977,0.029978,0.3519,0.01155,0.4008,0,0.27173,0.081683,0.85746,0.14362,0.04957,0.36451,0.23273,0.030649,0.099515,0.17897,0,1.3987,0,1.4468,0,0.54674,0.26869,0.19332,0.69572,0.10327,0.71249,0.72318,0.093392,0.23507,0.40115,0.018568,0.019794,0.091417,0.029067,0,0.043485,0,0.053795,1.1057,0.12522,0,0.82302,0.71735,1.1129,0,0.42034,0,0.087817,0.12009,2.2827,0.28522,0.043586,0.048066,0.14125,0.012157,0.17765,0.11906,0.49269,0.0035078,0.29244,0.0062032,0.86024,0,0.20531,0.045279,0.0011911
0.23484,0.18601,0.068627,0.30906,0.017018,0.10244,0.91582,0.27145,0.049639,0.30995,1.0866,0.2051,0,0.24377,0.28025,0.12987,0.47777,0.034921,0.14859,0.42374,0.3067,0.019143,0.12165,0.13702,0.10823,0.47736,0.34891,0.24394,0.66888,0.0069434,0,0.041945,0.012737,0.079725,0.22226,0.29373,0,0.59982,0.0032246,0.22416,0.20278,0.42927,0,0.10116,0.00046228,0.49077,0.14056,0.22067,0.091955,0.036635,0.014202,0.13876,0,0.13212,0.14085,0.00036572,0.036939,0.10734,0.22206,0.36304,0.15664,0.18014,0.049249,0.11518,0.2691,1.1514,0.15808,0.28746,0.079396,0.2657,0.062239,0.87294,0.1413,0.16605,0.36291,0.011242,0.030743,0.59734,0.62425,0.98633,0.04425,0.10924,0.0035132,0.023577,0,0.56387,0.21303,0.033196,1.3472,0.13985,1.4516,0.61827,0.14097,0.059823,0.017116,0.085568,0.14316,0.22906,0.071045,0.19004,0.0089025,0.35013
1.9518,0.16234,0.20483,0.10598,0.15323,0.73215,0.78484,0.25903,0.39418,0.12285,0.83417,0.015066,0.076552,0.054872,0.30474,0.25472,0.09152,0.012256,0.0048208,0.71506,0.19448,0.12571,0.82205,1.0554,0.055001,0.28093,0.03569,0.026767,0.057748,0.051574,0.30264,1.3671,0.51146,0.49969,0.14681,0.017026,0.064437,1.9576,0.0051182,0.065599,0,1.2493,0.43495,0.0020944,0,0.031532,0.010714,0.25995,0.17895,0.28366,0.22563,0.026074,0.75905,0,0.40168,0.12305,0.055352,0.10831,0.048566,0,0.049323,0.07949,0.037402,0,0.51437,0.81555,0.036099,0.18077,0.23558,0.3652,0.046052,0.47077,0.016973,0.024709,0.19274,0.33692,0.17476,0.030161,0.012202,0.69809,0.10461,0.031511,0.62408,0.14032,0,0.32008,0.025462,0,0.030812,0.33233,0.045951,0.021454,0.35078,0.053015,0.11023,0.44149,0.99406,0.43913,0.19156,0.088438,0.68688,1.2649
0.080837,0.74144,0.45608,1.8607,0.38076,0.56959,0.0050166,0.25969,0.70508,0.033565,0.9676,0.25481,0.18511,0.25185,0.12459,0.41866,0,0.034153,0.12454,0.07709,0.83259,0.16138,0.1266,1.1758,0.45502,0.20749,0.29161,0.16868,0,0.95019,0.013334,1.1049,0.38191,0.16251,0.16653,0.048715,1.8356,3.4165,0.33857,0.011936,0.0057018,0.041855,0.045356,0,0.22137,0.020731,0.069715,0.02054,0.20774,1.1967,0.014537,0.0058768,0.38393,7.1803e-05,0,0.15236,0.10988,0.63919,0.0081549,0.015908,0,0.71311,0.07153,0.060075,0.027294,0.39938,0.041331,0.37629,0.044815,0.023059,0.039782,0.423,0.34413,0,0.076526,0,0.69692,0,0.69517,0.60797,0.98235,0.70961,0.067051,0.063464,0.39571,0,0,0.075601,0.033601,0.13504,0.0094617,0.1378,0.18997,0.089243,0.23798,0.066243,0.011568,0.17164,0.42611,0.0071586,1.1656,1.2683
0.45447,0.04202,0.15789,0.25162,0.24212,0,1.7465,0.16497,0.64958,0.20735,0.21864,0.8602,0.1967,0.11219,0.019119,0.030449,0.4835,1.138,0.2019,0.040915,0.053979,0.0099587,0,0.099607,0.011197,0,0.098107,0,0.0085857,0.0063366,0.071514,0.10515,0.12567,0.41082,0,0.0010579,0.29757,0.0055256,0.011522,0.063048,0.0084912,0.096248,0.57056,0.10725,0.24666,0.21436,0.63942,1.1509,1.4813,0.67823,0.073222,0.37626,0.043369,0.014577,0.01679,0,0.43779,0.11662,0.045779,0.22423,0.0073563,0.00026669,0.20427,0.0090621,0.159,0.063653,0.17147,0.25871,0.104,0.097566,0.11853,0.047369,0.48631,0.12556,1.0383,2.1037,0.015802,0,0.15048,0.025384,0.58191,0.17337,0.60704,0.086624,0,0.027698,0.19152,0.28376,1.2743,0,0.015999,1.0045,0.095398,1.4184,0.27038,0.016606,0.074423,0.14272,0.59282,0.12479,0.038351,1.2068
0.19361,0.3727,0.38168,0.42882,0.0042976,0.044867,0.35125,0.47091,1.0374,0.065424,0,0.59732,0.023432,0.2705,0.01262,0.19557,0.1124,0.15167,0.031159,0.1545,0.1594,0.14706,0.0086597,0.14794,0.39097,0.13102,0.051131,0.36372,1.0529,0.040662,0.14426,0.31941,0.11658,0,0.040153,0.028951,0.059311,0.30298,2.1392,0,0,0.16995,0.12286,0.15153,0.098122,0.045976,0.81715,0.0373,6.5216,0.025191,0.090519,0.356,0.0085047,0.049411,0.019908,0.36996,0,0.064878,0.0043208,0.042542,0.081658,0.48077,1.2047,0.32198,0.34447,1.5825,0,0.20133,0,0.37657,0,0.43002,1.0628,0.092554,0.055502,0.55151,0,0.039041,0.069416,0.14511,0.019565,0.76434,0.16327,0.19191,0.40343,0.45753,0.00065948,0.012419,0.0018291,1.1841,0.080685,0.82892,0.029294,0,0.30975,0.25913,0.0032591,0.19982,0.044046,0.11502,0.42606,0.0087382
0.037109,0.025907,0.20846,0.0594,0.10586,0.23258,0.31805,0.40629,0.29813,0.046277,1.0526,0.037923,0.049533,0.4504,0.45563,1.3824,0.16274,0.13409,0.02179,0.26029,0.79307,0.55433,0.029606,0.17354,0.083589,0.26554,0.085758,0,0.053963,0.068879,0.023479,0.33306,1.0283,0.023315,0.10064,0,0.014273,0.050416,0.12734,0.76133,0.14737,0.092734,0.073683,0.16293,0.11156,0.2301,0.47755,0.23835,0.28299,0.84435,0,0.093429,1.0869,0.034022,0.047199,0.69746,0.14306,0,0.091638,0.40597,0.32428,0.20743,0.48521,0.033819,0.0065045,0.62747,0.17604,0.074114,0.20292,0.2235,1.436,0.18452,1.8102,0.19706,0.23279,0.2631,1.0463,0.096345,0.82926,0.43817,0.14481,0.55538,0.11179,1.2438,0.17323,0.00064202,0,0.013428,0.012918,0,1.0116,0.0030116,0.26834,0.041279,0.22033,1.1626,0.3677,0.36053,0,0.86093,0.1668,0.011525
0.79705,0.044967,0.15372,0.37144,0.069854,0.16013,1.0393,0.4923,0.80487,0.14925,0.31437,0.023513,0.030384,0.92681,0.98924,0.39087,0.51929,1.9623,0.084146,0.061462,0.050949,0,0.15328,0.0042002,0.58888,0.2089,0.020698,0.033284,0.007482,0.040665,0.048861,2.0513,0,0.057786,0.018204,0,1.1303,0,0.051936,0.042756,0.0050981,0.91872,0.91539,0.032597,0.098944,0.094794,0.24911,0.1223,0.096183,0.0059929,0.16149,0.019112,0.50373,0,0.16189,0.04389,0.24149,0.8258,0,0.004329,0.079956,0.084047,0.31742,0.42649,0.016849,1.9214,0.27946,1.7662,0,0.015955,0.6339,0.033236,0.010213,0.64169,0.15126,0.0065688,0.070957,0.093246,0.41114,1.6906,0,0.32252,0.94748,0.096785,0.021325,0.31583,0.014587,0.22411,0.050566,0,0.028785,0.00046311,0.061401,0.10686,0,0.0036378,0.049679,0.027078,0.44357,0.14506,0.0056086,1.644
0,2.8694,0.56721,0.48093,1.8364,0.66486,0.69567,0.14193,0,0.038631,0.022849,0.079694,0,0,0.1542,0.71368,0,0.23071,1.3989,0.5831,0.34739,0.035488,0,0.078946,0.024826,0.44507,0.12495,0.11828,0.34766,0.083636,0.16934,0.1008,0.62546,0.049949,0.20519,0.054167,0.50196,0.49963,0.072358,0.023014,0.019259,0.9219,0.23764,0.10935,0.71898,0.45805,0.26449,0.0047015,0.97864,0.022784,0.18616,0.27624,0.088706,0.31884,0.12344,0.021613,0.029347,0.12967,0.073585,0,0.46464,0.10231,0.012695,0.3861,0,0.27378,0.041049,0.081254,0.40767,0.18769,0.61774,0.16245,0.40337,0,0.37862,1.2586,0.6685,0.18133,0.59232,0.064781,0,0.0030325,0.17803,0.38163,0,0.036588,0.11369,0.32382,1.5743,0,0.46341,0.065204,0.29865,0.62673,0.35744,0.18189,0,0.16696,0.1626,1.1638,0.16812,1.1648
0.009542,0.19785,0.18845,0.017696,0.12689,0.61213,0.59889,0.083765,0.016688,1.0347,0.16604,1.4719,0.085905,0.01972,0,0.08649,0.025996,0.022379,0.026392,0.18491,0.83799,0.022529,0.92202,0.077954,0.052443,0.29795,0.013376,0,0.089367,0.32128,0.15793,0.54063,0.46362,0.15894,0.27327,0.44707,2.9117,0,0.26923,1.1292,0,0.14005,0.012005,0,0.12229,0.091285,0.10488,0.028017,0.17827,0.09697,0.45417,0,0.43311,0.0080884,0.061824,0.04418,0.12341,0.070894,0.2456,0.10615,0,0.038307,0.44095,0.010136,0.20887,0.22468,0.062341,0.19176,0.12154,0.14641,0.74021,0.13907,0.20378,0.076882,0.34627,0.042412,1.3495,0.085466,0.013211,0.086278,0.10003,0.75582,0.15741,0.7227,0.12757,0.06745,0.027476,0.15967,0.54534,0.21235,0.10854,0.074435,1.1712,0.27167,0.069518,0.41753,0.019084,0.6075,0.020062,0.20339,0.1017,0.063855
0.24563,0.098009,0,0.10329,0.5126,0.29199,0.55135,0.068263,0.29433,0.0055676,1.0902,0.10655,1.0877,0.47945,0.76693,0.62907,0.5128,0,0.016622,0.58892,1.0414,0,0.18829,2.0995,0,0.022318,0.099758,0.093869,0.35579,0.3599,0.016555,0.40885,0.028473,0.084549,0.27683,0,0.34717,0.54584,0.015099,0.20873,0.50222,0.14707,0.26614,0,0.039884,0.17205,0.12248,0.38484,0.062681,0,2.0311,0.082486,1.2301,0.027384,0.33366,0,0.19097,0.076103,0.09802,0.11607,0.082152,0,0.14905,0.15758,0.215,0.028321,0.20905,0.26159,0.12915,0.037273,0.0097995,0.33494,0.83888,0.28181,1.1332,0.017332,0.20185,0.24947,0.42375,0.51793,0.0086406,2.9275,0.363,0.49211,0.55408,0.0046012,0.98153,0.10709,0.49818,1.017,0.046432,1.9881,0.092366,0.45047,0.27535,0.96064,0.17663,0.12912,0.28472,0.11838,0.28353,0.50899
0.67349,0.00058354,0.11812,1.3029,1.0149,0.14397,0.91278,0.072495,0.26318,1.6414,0.01348,0.44777,0.13946,0.72209,0.00051096,1.3969,0.016623,0.019292,0.11077,0.16717,0.055929,0,0.82045,0.20138,0,0.27082,0.010718,0.047421,0.1561,0.94349,0.34169,1.1298,0.24238,0.031198,0.03431,0.39532,0.10928,0.014579,1.422,0.075945,0.1029,0.083283,0.047189,0.051124,0.020201,1.9148,0.11256,0.048895,0.016591,0.1459,0.077418,1.0678,0.66965,0.052456,0.019309,0.0581,0.83393,1.6722,0.23522,0.86964,0.19041,0.4462,0,0.026733,0.0099476,1.0812,0,0.36764,0.0021441,0.00015464,0,0.51497,0.53448,0.11805,0.022188,0.26041,0.45341,0.066004,0.21037,0.11035,0.23097,0.068006,0.080242,0.1049,0.47363,0.0081288,0.09576,0.041217,0.07763,0.27283,0.43518,0.60834,0.4099,0.29705,0.0053098,1.7597,0.1021,0,0.03335,0.368,0.099375,0.24789
0.055599,0.21782,0.01739,0.05092,1.1379,0.41513,0.11627,0.26881,0.21181,0.2016,0.053509,0,0,0.0074658,0.49443,0.0048893,0.14093,0,0.91377,0.31939,0.10093,0.011886,0.081364,0.69633,0.4999,0.012197,0.11256,0,1.2333,0.0094812,0.3006,0.64316,0.42464,0.055508,0.94549,0.61854,0.013765,0.038785,0.064675,0.18777,0,0,0.22534,0.024719,0.6513,0.13305,0.051622,0.099983,0.3101,0.0054345,0.021268,0.08667,0.3746,0.011094,0.16935,1.2215,0.17539,0.1492,0.77936,0.78567,0.21003,0.72604,0.56076,0,1.2621,0.32485,0.083682,0.0038804,0.14073,0.038534,0.11393,0.11388,0.1032,0.0057372,0.091759,1.4252,0.04987,0.31072,0.097658,0.27377,0.3976,0.98083,0.12662,0.0269,0,0.51237,0.034845,0.048351,0.40546,0.85502,0.33648,0.14864,0.078338,0.0099385,1.4991,0.038532,1.6502,0.19442,0.08961,2.0828,0.79508,0.91445
0.16361,0.043201,0,0.24517,0.77215,0.24684,0.90977,0.58864,0.0019015,0.00071941,0.036328,0.017012,0.022786,0.18397,0.64636,0.071969,0,0,0,0.5437,0.051098,0.033153,0.028389,0.021458,0.27119,0.35283,0.010969,0.25403,0.71659,0.0029018,0.34366,0.25422,0.47792,0.015596,0.5093,0.012771,0.26307,0.13446,0.006105,0.26808,0.18902,0.16895,0.44813,0.21745,0.056493,0.02576,0.042914,0.00071629,0.59051,0.21806,1.2605,0.1558,0.011703,0.083996,0.18215,0.094174,0.045003,0.40488,0.075251,0.056754,0.11747,0.01988,0.38004,0.13925,0,0,0.23342,0.59151,0.022862,0.14829,0.96568,0.075879,0.20393,0.052682,0.32961,1.2925,0.14899,0.0099535,0.055134,0.52052,0.13406,0.87182,0.0026863,0.011525,0.0084005,0,0.21835,0.36668,0.00045697,2.0305,0.14775,0.21247,0.80519,0.082884,0.43441,0.44858,0.0013848,0,0.92114,0.052556,0.95946,0.025299
0.05455,0.059186,1.1599,0.1085,0.014965,0.22173,0.011061,0.2309,0.073414,0.36533,0.11333,0.38657,0.20717,1.4574,0.059052,0.50739,0.079752,0.046397,0.065398,0.051566,0.073688,0.011699,0.060567,0.41775,0.060155,0.079476,0.3119,0.023516,0.30828,0.007736,0.17857,0.14544,0.17149,0.08758,0,0,0.18633,0.89888,0.029461,0.047361,0.1185,0.03282,0.1967,0.038818,0.24282,0.5585,0.080382,0.031805,0.07341,0,0.90343,0.55123,0.15888,0.20434,0.099896,0.45931,0.24464,2.575,0.65049,0.2313,0.02415,0.026375,0.29982,0,1.5523,0,0.13899,0.032113,0.021188,0,0.066389,0.36501,1.6264,0.23121,0.07315,0.42302,0.57513,0.17148,0.065849,0.73885,0.20446,1.1163,0.06471,0,0.36599,0.03649,0.0093427,0.13186,0.00891,0.63749,0.030872,1.156,0.039481,0.14373,0.37503,0.21294,0.32848,0.2239,1.1778,0.94381,0.93345,0.32427
0.020866,0.74103,0.015237,0,0.3872,0.034375,0.2193,0.020316,0,0.3192,0.078749,1.5137,0.7073,0.028907,1.3235,1.1418,0.052602,0.092263,0.24112,0.13773,0.0031206,0,0.25379,0.37166,0.11038,0.14723,0.25703,0.50559,0.58099,0.16317,0.019542,0.72883,0.0094554,1.6015,0.40978,0,3.1051,0,0.47506,0.65319,0.2966,0.20913,0.8638,0.016664,0.021093,0.78437,0.17302,0.038574,0.9274,0.19214,0.0036507,0.14899,1.2638,0,0.015369,0.1518,0.038017,0.20917,0.040359,0.19475,0.49421,0.68576,0,0.0045915,0.12072,0.09793,0,0.25641,0.010328,0.31472,0.033561,0.43535,0.036527,2.3185,1.2544,0.14691,0.094466,0.032246,0.048718,0.30184,0.37643,0.17865,0.049101,0.9552,0.4194,3.8037,0,0.049741,0.77878,0.0043587,0,0.10192,0.33339,0.45253,0.11094,0.020141,0.038331,0.44147,0.0023964,0.23672,0.20208,0.0369
0.052386,0.20248,1.2814,0.0055572,0.74606,0.52922,0.27407,0.045425,0.021474,0.074194,0.11581,0.54345,0.34744,0.19889,0.22109,0.071121,0.037865,0.30897,0,0.44249,0,0.17658,0.18953,0.86504,0.30336,0.26478,0.004824,0.65576,0.095161,0.16513,0.0041908,1.1104,0.11065,0.055573,0.032847,0,0.066495,0.054713,0.30372,0.1087,0.079925,0.0094926,0.023807,0.32441,0.40981,0,0.062597,0.023554,0.20681,0.065471,0.1914,0.031749,1.9491,0.37234,0,0.29039,0.074098,1.2625,0.11161,0.59263,0.042406,0.52139,0.33325,0,0,0.0010907,0.58832,0,0.024041,0.24919,0,1.6447,0.12354,0.35132,0.3534,0.045148,0.56437,0.11569,0.43911,0.021134,0.016652,0.072385,0.14999,0.60789,1.4802,0.88519,0.16798,0.54128,0,2.0915,0.15633,0,0.54889,0.0489,0.075188,0.036751,0.4589,0.094491,0.084817,0.6484,0.074972,0.60066
0.22429,0.14037,0.0027044,0.12976,0.048921,0.041991,0.84039,0.48123,0.0028872,0.47793,0.32077,0.80979,0.052603,0.81206,0.17774,1.7364,0.2863,0.18107,0.011426,0.8199,0.083023,0.065465,0.047504,0,0.28375,0.031041,0.43839,0.039849,0.034623,0.016834,0.25608,0.080656,0.073507,0,0.20331,0.58625,0.051103,0.056677,0.02291,0.5703,0.74828,0.0070942,0.86384,0.0016796,0,0,0.32926,0.054121,2.1756,0.00062419,0.026469,0.03695,1.7925,0.18112,0.47475,0.00057617,0.0096977,0.0658,0.12856,0.1828,0.18239,0.19184,0.47145,0.10261,0.014756,0.83626,0.019783,0.18491,0,0.002396,1.136,0.42217,1.1691,0.27762,0.35024,0.036166,0.78783,0.16134,0.19368,0,0.13257,1.4246,0.41235,0.54124,0.099763,0.34632,0.31309,1.4085,0.078153,0.016089,0.5022,0.86387,0.12287,0.72765,0.91751,0.44748,0.65952,1.7612,0.01784,0.026895,0.46195,0.19722
1.3632,1.6561,0.056716,0.32191,0.21214,0.50545,0.26375,0.05899,0.12518,0.12842,0.047874,0.1928,0.72457,1.68,0.43917,1.3755,0.70689,0.77527,0.061483,0.21114,0.23497,0.77003,0.44799,0.041541,0.10775,0.31866,0.062284,0.017071,0.22843,0.45052,0.33514,0.0058248,0.03144,0.15597,0.070229,0.17107,0.29283,0.16938,0.041361,1.07,0.74892,0.33422,0.042004,0.57786,0.22778,0.10128,0.40879,0.030781,0.047021,0.21465,0.015958,0.16214,1.28,0.026258,0.50466,0,0.083912,0.4442,0.032481,2.0908,0.3941,0.28628,0.84016,0.011597,0.48859,0.42023,0.051494,0.11992,0.034176,0,0.69192,0.046329,1.1853,0.074203,1.7083,0.15994,0.33104,0.64507,0.0085842,0.0097873,0.092249,0.21796,0.15485,0.030063,0.59147,0.073446,0.067733,1.4882,0.012065,0.10499,0.60792,0,0.72893,1.7477,0,0.097539,0.86273,0.0030494,0.53437,0.10156,0.66321,1.5996
0.024762,0,0.59618,0.080414,0.052658,1.8616,0.54539,0.083559,0.056769,0.056281,0.30871,1.0256,0.50501,0.082762,0.074892,0.039508,0.00032678,0.063998,0.10388,0.25979,1.241,0.070253,0.49266,0.040342,0.54793,0.29948,0.54283,0.20085,0.043313,0.42414,0.075188,0.044395,0.039179,0.037013,0.1208,0.27603,0.068756,0,0.2317,0.76826,0.26953,0.10377,0.48963,0.085783,0,0.020255,0.14271,1.6529,1.2264,0.55513,0.36274,0.059712,0.67185,0.10188,0.37318,0.10552,0.28138,0.096548,0.12688,0.063994,0.12301,0,0.081797,0.20251,1.0126,0.31292,0.09006,0.15263,0,0.26032,0,0.023106,1.4594,0.38494,0,0.031261,0.6441,0.083736,0,0.41485,0.39304,0.46502,0.040721,0.22139,0,1.291,0.059479,0.022913,0,0.014127,0.017265,0,0.36816,0.14451,0.71644,0.26335,0.17394,0.41445,0.05527,0.85791,0.21263,1.3563
0.83067,0.23341,0.82601,0.67223,0.0077874,0.32161,0.072789,0.24014,0.095065,0.28669,0.14021,0.17263,0.058231,2.0109,0.5845,2.148,0.0054268,0.10964,0,0.53152,0.16798,0,0.33566,0.12929,0.02977,0.055835,0.057579,0.077099,0.097214,0.46508,0.37883,0.086255,0.24927,0.81644,0.21172,0.055875,0.079603,0.072623,0.026758,0,0.011491,0.17905,0.23081,0.14394,0.095587,0.41989,0.031779,0.055078,0.61514,0.098613,0.15975,0.63307,0.28384,0.65759,0.18478,0.057702,0.18275,2.3258,0.027311,0.16457,0.42992,0.030016,0.16285,0.049131,0.2176,0.19244,0.08269,0.040368,0.011852,0.12546,0,0,1.0989,0.081109,0.42031,0.59361,0.069735,0.078438,0.097497,0.92273,0.080055,1.7289,0.37141,0.006301,0.10946,0.23581,0.98247,2.5983,0.04573,0.023382,0.38755,0.54324,0.30484,2.4143,0.073882,0.21115,0.57965,0,0.8928,0.063389,0.036209,0.050448
0.08294,0.24311,0.29144,0.11698,0.46171,0,0.80623,0,0.34931,0.032415,0.059547,0,0.21722,0.14712,0,0.054916,0.17333,0.49696,0,0.51968,0.088949,0.12546,1.3164,0.042851,0,0.60544,0.11976,0.016776,0.14903,0.061026,0.077234,0.30806,0.14205,0,0.2495,0.052045,0.26993,0.00099043,0.0016847,0.022186,0,0.12629,0.031973,0,0.70706,0.18278,0.26921,0.095452,0.031667,0.16428,0.036168,0.032568,0.86563,0.039464,1.0682,0,0.11444,0.60995,0.076701,0.17975,0.27821,0.08121,0.26497,0.50685,0.79546,1.0236,0.10695,0.23147,0.024627,0.095404,1.3239,0.00080113,0,0.17345,0.0068823,0.02963,0.93004,0.031269,0.12422,0.4521,0.61452,0.42322,0.040685,0.10413,0,0.023345,0,0,0.59426,0.0078043,0.068553,0.035435,0.60271,0.008949,0.46928,0.070004,0.32815,0.0039385,0.011453,2.1968,0.085622,0.29989
0.073765,0.038137,0.0001513,1.6648,0.083101,3.2587,0.093726,0.0028601,0.17296,0.20824,2.748,0.73168,0.29557,0.37388,0.13607,0.025131,0,0,0.011668,0.00079627,0.20341,0.0492,0.0704,0.27703,0.43204,0,0.13801,0.66518,0.34442,0.0079067,0.0051653,0.42498,0.32585,0.15808,0.17811,0.26333,0.3059,0.58183,0.11909,0.556,0.9096,0.033634,0.094333,0.13653,0.043638,1.2281,0.081345,0.44869,0.10493,0.10239,0.36328,0.13763,0.40904,0.22871,0.28854,0.11206,0,0.024488,0.69529,0.034699,1.3724,0.014417,0.19361,0.028189,0.047772,0.53825,0.032238,0.66362,0.77863,0.10046,0.54984,2.16,0.015825,0,0,0,0.62355,0.022216,0.061546,0.56194,0.068206,0.02641,3.7092,0.37552,0.052884,1.2848,0.24169,1.5748,0.35372,0.8626,0.084491,1.3937,0.087309,0.145,0.49578,0.27459,0.036336,0,0.37826,0.82013,0.16031,0.49811
0.10594,0.21754,0.080651,1.2468,0.055753,0.080144,0.50381,0.052403,0.19298,0.019816,0.30325,0.31718,0.065388,0.24942,0.088645,1.3404,0.00544,0,0.10636,0.0040506,0.015932,0.090151,0.014365,0.18091,2.7975,0,0.037993,0,0.58022,0.0031445,0.27949,0.3074,0.091878,0.0039078,0.083506,0.032344,0,0.63967,0.078418,0.0026038,0.048057,0.24864,0.27543,0.1261,0.17875,0.021091,0.15012,0.15774,0.65159,0.034621,0.084396,0.061562,1.8434,0.6307,0.25382,0.093011,0.42675,0.13586,0.52838,0.084016,0.48811,0.35935,0.08191,0,0.059661,0.014873,0.21647,0.014152,0.34057,0.0063859,0.22898,0.38874,1.4765,0,0,0.71836,0.17161,0.36253,0.050821,0,0.089666,0.16347,0.70797,0.053633,0,0.034154,0.53645,0.099491,0.63402,0.054492,0.017438,0.13954,0.15666,0.40869,0.15131,0.1431,0.76976,1.6239,0,0.79754,0.26324,0.2618
0.38083,0.7473,0.76515,1.0424,0.33345,0.021746,0.1631,0.060657,0.45634,0.29325,4.402,0.9269,0.28815,0.28851,1.7289,1.4532,0.25086,0.09506,0.028934,0.1808,0.8911,0.10983,0.52301,0.54784,0.25807,0.18524,0.78642,0.0046748,0.96635,0.61666,0.15035,0,0.27265,0.41512,0,1.3347,0,0.96919,1.8816,0.019473,0,0.13765,0.80371,0.79345,0.099933,0,0.22759,0.32491,0.24322,0.71718,0.094117,0.13594,1.5983,0.29633,0.20148,0.010392,0.0067327,0,0.17198,0.018295,0,0,0.14056,0.99324,0.1013,0.47144,0.14208,0.25005,0,0,0.056656,0.65551,2.1422,0.83467,0.023584,0,0.15237,0.044624,0.00092585,0.23828,0.15742,1.0531,0.11897,0.062613,1.3581,0.1678,0.59817,0.49702,0.30843,0.071189,0.5336,0.18141,0.069943,0.17385,0.052117,0.11749,0.95635,0.16343,0.2213,0.46436,0.11257,0.036495
0.24964,0.24127,1.6506,0.31253,0.013413,0.28313,0.50639,0.40981,0.32237,0.030895,0.083041,0.030347,0,1.2462,0.0044022,0.042904,0,0.241,0.10868,0,0,0.011936,0.59666,0.12666,0.049838,0.090882,0.033394,2.0175,1.1187,0.63306,0.0010844,0.051541,0.028346,0.22933,1.3474,0.041838,0.016125,0.25802,0.19622,0.034783,0.008675,0.15651,0.064302,0.06921,0.32059,0.049244,1.4301,0.017694,0.089551,0.4674,0.17321,0.072652,0.68036,0.80027,0.068202,0.025921,0.16705,1.0692,0.27368,0.27708,0.56626,0.0038603,0.33314,0.13975,0.54265,0.033302,0.10325,0.010334,0.53096,0.86097,0.073955,0.31201,0.93058,0.058138,0.014217,0.22391,0,0.072016,0.76123,0.10935,0.030924,0.0018607,0.1825,0.55194,0.072178,0.46529,0.030534,0.15007,0.09345,0.29863,0.97111,0.037053,0.17383,0.539,0.487,0.10108,0.18675,0.06123,0.0012901,0.10133,0.17617,1.155
0.66208,0.45273,0.01327,0.027469,0.089523,0.65301,0.77556,2.2765,0.14414,0,0.38103,0.12431,0.11029,0.64833,0,0.029642,0.10656,0.044318,0,1.5531,0.03441,0.095232,0.84933,0.0018312,0.35121,0.078673,0.27808,1.3766,0,0.00063996,0.035102,0.44625,0.047228,0.14814,1.8045,0,0.2864,1.0249,0.00049702,0.089292,0.13168,0.86656,0.073201,0.17843,0.23676,0.13161,0.98938,0.1459,0.022589,0.10989,0.16054,0.069501,0.60183,2.1775,0.0014876,0.023054,0.053717,0,0,1.8088,0.093203,0.53767,0.18715,0.27957,0.21656,0.58791,0.047739,0.089823,0.083684,0.13649,0.050305,0.14521,0.68429,0.060976,0.46542,0.080546,0.10322,0,0.11371,1.5706,2.2256,1.3028,0.14793,0.087229,0,0.29776,0.059313,0,0.1079,0.059731,0.77337,0.032407,0,0.98427,0.38987,0.34957,0.056388,0.65817,0.003771,0.94585,0.35965,1.148
0.521,0.20006,0.57216,0.53996,0.0093225,0.044836,0.38158,0.3126,0.008442,0.29208,0.1032,0.27587,0.69885,0.1732,0.14843,0.10003,0.081707,0.6812,1.4985,0.22382,0.013726,0.2514,0.078386,0.86163,0.18314,0.084357,0.73385,0.069865,0.54604,0.062599,0.10461,0.017888,0.044268,0.053375,2.2974,0.17015,0.52549,0.88382,0.040798,0.85713,0.017004,0.12271,0.23707,0.044893,0.019964,0.27792,0.16115,0.029199,0.48804,0.26742,0.032791,0.32294,0.16209,0.0043013,0.0029922,0.01106,0.063627,0.36447,0.051798,0.90971,0.1342,0.019956,0.17128,0.0050739,0.1407,0.59825,0.32217,0.91055,0.03391,0.0036544,0,0.8942,0.97166,0.13546,0.043103,0.12195,0.61324,0.29171,0,0.13026,0.3259,0.023558,0.19421,0.37161,0.88529,0.1357,0.95963,0.26776,0.26291,0.024834,0,0,0.2143,0.44955,0.11855,0.19847,0.54,2.0739,0.086901,0.79984,0.34712,0.58829
0.18506,0.042888,0.071975,0.85916,0.75845,0.30771,0.76184,0,0.037034,0.0056978,0.56295,0.6039,0.059325,0.76348,0.044036,2.5492,0.047845,2.0243,0.082618,1.2293,0.17266,0.069577,0.051027,0.86396,0,1.4189,0.0025658,0.33654,0.26547,0.038374,1.0084,0.016289,0.46237,0.070343,0.064247,0.07712,0.74187,0.61584,0,0.67016,0.11276,0.02594,0.014367,0,0.0047241,0.58872,0.39342,0.30695,0.11453,0.58879,0.16563,0.03114,0.10005,0.11959,0.00084514,0.044043,0.209,1.4196,0.14394,0.47208,0.64428,0.15442,0.32659,0.26484,1.7411,0.99975,0,0.0090498,0.90029,0.0048599,0,0,1.9088,1.0332,0.029946,1.0218,0.08713,0.1736,0.79344,0,0.37571,0.23601,0.16547,1.1133,0.016649,0.01457,0.20392,0.6641,0.18861,0.20961,0.39876,0.15307,0.17422,0.040505,1.8562,0.78769,0.89555,0.195,0.036928,1.2141,0.25212,0.20663
0.050484,0.0048575,0.091193,0.079526,0.27045,0.50812,0.27062,0,0.19795,0.13308,0.17968,0.14369,1.1044,0.80504,0.3225,0.50836,2.5622,0.44336,0.02109,0.55816,0.0091407,0.13335,0.07383,0.13441,0.107,0.14095,1.7929,0.01583,0.41841,0.12976,0.16114,0,0.025545,0.057534,1.0979,0.15931,0.043254,1.9766,0.0072084,4.6112,0.025634,0.060892,0.28276,0.010657,0.50944,1.4176,0.00042877,0.13842,0.2323,0.066056,0.8807,0.0038134,0.017279,0.033252,0.14648,1.7583,0.017642,0.017728,0.0012107,0.027855,0.020075,0.029388,0.096129,0.15043,1.1215,0.60563,0.052723,0.61061,0,0.0097535,0.075569,0.17181,0.41729,0.09036,0.80929,0.80331,0.042172,0.38451,0.016992,1.7277,0,0.71759,0.34357,0.040738,0.49576,0.85908,0.090003,0.18445,0.74465,0.2616,1.9504,0.014755,0.38499,0.36051,1.5364,0.389,1.0414,1.1665,0.053527,0.037386,0.11795,0.056836
0.040488,0.056961,2.6431,1.8611,1.1027,0.20079,0.080909,0.31284,0,0.018327,0.052934,0.013797,0.011928,0.04398,0.0039225,0.03225,0.4488,1.0885,0.05044,1.0864,0.074643,0,0.012053,2.3644,0.40468,0.019928,0.46988,0,1.7284,0,0.51327,0.50926,0,0.46242,0.75695,0.14681,0.0089559,0.9239,0,0.8098,0.090161,0.051445,0,0,0.064806,0.38766,0.44124,0.22196,0.03634,0.0057077,0.063028,0.0049674,1.1202,0.010982,0,0.1081,0.037458,0,0.84081,0.076298,0.078903,0.00095615,0.1662,0,0.032551,0.24442,0.79106,0.99999,0.13861,0.056134,0.58954,1.2424,0.75247,0.047747,0.033609,0.41945,0.077729,0.017922,0.23179,0.019719,0.32834,0,0.37808,0.4165,0.058113,0.038218,0.03221,0,0.088684,0.84986,0.0011233,0,0.00095676,0.016911,0.99527,0.074347,1.0906,0.72331,0.2151,0.82424,0.31465,1.0676
0.16314,0.42141,0.049779,0.42737,0.70681,0.046505,0.023346,0,0.8681,0.022175,0.024147,2.0858,0.83599,0.12071,1.389,0.67817,0.081334,1.1144,0.21841,0.38678,0.55927,0.10025,0.14806,0,0.24973,0.87046,1.738,0.10265,0.093841,0.38517,0.0024123,0.26626,0.082468,0.046908,2.3297,0.0066838,0.21284,0.22485,0.095891,0.063033,0.11486,0.064317,0.78755,0.13026,0.0041801,0.089224,0.16597,0.13102,0.010697,0.18846,0,0.030044,0.54639,0.75458,0.032317,0.09836,0.4617,0.065461,0,0.065561,0.1429,0.049603,0.15333,0.098723,0.13486,0.13026,0,0.08587,0.0441,0.065913,0.36565,0.33831,0.21099,0.095243,2.2135,0.45616,1.5552,0.018399,0.055063,0.0070528,0.24272,1.9535,0,0.15857,0.25088,0.063728,0,1.1602,0.73727,0.03292,0.036203,0.15738,0.70876,0.28634,0.023603,0.28671,0.021607,0.19759,0,0.10032,0.038642,0
0.0029691,0.27497,0.0029709,0.37017,0.0028066,0.0064214,0.41837,0.19434,0.060097,0.10708,0.39489,0.013693,0.013734,0.35715,0.055981,0.11004,0,0,0.028117,0.22543,0,0.11272,0.0019948,0.16462,0,0.038237,0.091763,0.013762,0.26695,0.092611,0.32911,0.0080929,0.029072,0.010749,0.13879,0,0.0028027,0.084535,0.2549,0.11776,0.39548,0.13567,0.034943,5.1843e-05,0.49984,0.48019,0.043633,0.59479,0.22625,0.45615,0.82792,0.20706,0.006418,0.014916,0.022816,0,0.21191,0.022773,0,0.31226,0.99761,0.38884,0,0,0.65728,0,0.026389,0.12055,0.10356,0.21966,0.017082,0.35347,0.21733,0.012902,1.4074,0.85782,0.10269,0.97157,0.64868,0.076332,0.023999,0.446,0.1906,0,0.76018,0.097256,0.055596,0.21931,0.31728,0.31315,0.046663,0.085051,0.035485,1.8348,0,0.52714,0.038583,0.6088,0.0052425,0.14641,0.57136,0.13251
0.86743,0.076002,0,0,0.353,0.18264,0,0,0.061265,0.012552,0.083799,5.7983,0.051139,0.34958,0.52025,0.34149,0.18703,0.083293,0.1895,0.29814,0.0072475,0.13738,0.071955,0.46639,0.28383,0.020257,0.42354,0.068975,0.14554,0.29562,0.54257,0.15211,0.12014,0.016236,0.16507,0.46509,0,0.035213,0,0.56115,0.056598,0.22948,0.18867,0.62541,0,1.076,0.088898,0,0,0.50625,0.04919,0.40497,0.05701,2.653,0.049774,0.12913,0.44445,1.5077,1.1382,0.06635,0.12947,0.19341,0.19725,0.10114,0.074573,0.92334,0.093239,0.14963,0.019438,0.063212,0.10456,0.040579,0.069018,0,0.10884,0.41772,0.75764,0.062193,0.03533,0.31961,0.23802,0.27729,0.38822,0.3942,0,1.9127,0.22939,0.0064704,0.25403,0.53435,0.078714,0.028116,0.82603,0.58817,0.35105,0.16389,0.93562,0.062308,0,0.23383,0.026069,0.72247
1.0697,1.3009,0.90512,0.1417,0.30865,0.039113,0.068763,0.19632,0.096976,0.037464,0.046454,0.32288,0.096705,0.031972,2.5526,0.057721,0.0098252,1.0722,0.062959,0.14816,1.0081,0.21003,0.0382,0.11268,0.13292,0.77223,0.52502,0.10558,0.0338,0.20228,0.14941,0.053622,0.075732,0.068372,0.15917,0,0,0.12976,0.31569,0.32754,1.0019,0.15915,0,0,0.017477,0.33918,0.36646,0.069647,0.0044929,1.2865,0.031467,0,0.15139,0.14845,0.035914,0.046395,0.07238,1.0058,0.022483,0.24991,0.72995,0.043189,0,0.13673,0.30675,0.08115,0.041592,0.088577,0,0.18208,0.12543,0.052104,1.5422,0.3749,0.11074,0.46535,0.85849,0.034594,0.27892,0.30955,0.72191,0.30785,0.18287,1.3352,0.75545,0,0.085658,0.021872,0.29705,0.037093,0.20617,0.034163,0,0.014178,0.11954,0.05739,0.53418,0.58789,0,0.60433,0.044147,1.3999
0.14193,0.072561,0.3382,0.0027017,1.4645,0.014004,0.69165,2.1947,0.29344,1.1361,0.11192,0.20612,1.3783,1.2097,0.0074622,0.0052943,0.039776,0.47595,0.81538,0.65661,0.041577,0.74178,0.15407,0.56716,0.26975,0.022557,0.50218,0.37214,0.19317,0.12309,0.85275,0.60432,0.077662,0.029881,0.3027,0.29973,0.030325,0.44814,0.065865,0.10858,0.47408,0.021889,1.1622,0.18784,1.1559,0.056419,0.28238,0.11634,0,0.019477,1.4294,0.78591,0.48789,0,0.46164,0,0.07853,1.8765,0.019814,0.78612,0.05218,0.060299,0.22067,0.0062395,0.10854,0.36023,0.31819,0.51133,0.048172,0.28419,0.069764,0.2254,0.018327,0.052292,0.013626,0.081956,0.44717,0.095663,1.7744,0.24347,0.21357,1.4001,0.26612,0.565,0.39413,0,0,0.55578,0.0095014,0.31767,0,0.0027821,0.13051,0.64148,0.28071,0,0.1683,0.73505,0.62132,0.16256,0.055956,0.69444
0.22884,0.1155,1.2721,0.1253,1.5068,0.065061,0.67158,0.41853,1.2824,1.6859,0.53174,0.49738,0.053189,0.023064,0.27233,1.9816,0.87469,0.011328,0.0022666,0.65294,0.1631,0.50488,0,0.37028,0.23452,0.93747,0,1.9302,0.033084,0.71074,0.1671,2.1665,0.34375,0.0087629,0,0.022428,0.017615,0.25284,0.049841,0.0031757,0.018335,0.61449,0.32698,0.1268,0.51604,0.093599,0.3483,0.0011574,0.24409,0.076184,0.055575,0.014279,0.091834,0.096861,0.035317,0.15272,0.058278,0.68498,1.3574,0.50727,0.47101,0.2355,0.044026,0.05368,0.090483,0.51303,0.29242,0.31988,0.44095,0.014537,0.17726,0.043819,0.14191,0.81184,0.01899,0.25652,0.50993,0.096995,0.090707,1.7021,0.32907,0.19297,0.28639,0.33611,0.10701,0.46711,0.077562,0,0.023096,0.036352,0.49195,0.85655,0.083892,0,0.19792,1.8427,0.0041688,0.35768,0.016784,2.5349,0.104,0.094363
0.12694,0,0.25288,1.6884,0.2687,0.65533,0.0020375,0.019359,0.017974,0.11249,0.035698,0.10579,0.14771,3.4924,0.21501,1.4259,0.09239,0.31905,0.66242,0.0061541,0,0,0.02874,0.34307,0.023932,1.2741,0.22433,0.08646,2.052,0.011607,0.080342,0.010406,0.18698,0.028072,0.28283,0.070769,0.0030033,0.00023829,0.16349,0.094803,0.17978,0.075807,0,0,0.13206,0.3559,0.11037,0.098343,0.090118,0,0.073135,0.39084,0.45305,0.85674,0,0,0.27402,0.47373,0.041157,0.046354,0,0,0.067795,0.13798,2.357,1.2245,0.014155,0.59954,0.031703,0.030404,0.19383,0,1.338,0.040124,0.0016454,0.052953,0.50234,0.15355,0.47281,0.36647,0.49819,0.19767,0.1099,0.095533,1.0747,0.029578,0.11954,0.28562,0,0.386,0.024185,0.0083698,0.011839,0.097366,1.3538,0.56682,0.85705,0.63535,0.077678,0.49622,0.74346,0.26058
0.29056,1.7955,0.031684,1.4426,0.028906,0.12956,0.054052,0.1906,0.0052042,0.0098961,0.34741,0.31272,0.26582,0.035857,0.23994,0.13274,0.028948,1.4447,0.0065751,0.1829,0.59067,0.096918,0.50336,0.75653,0.22675,0,0.021375,0.86202,0,0,0.048955,0.14063,0.23996,0.041628,0.0814,0.024697,0.070416,0.0038578,0.16859,0.071199,1.6114,0.32215,0.0051634,0.43777,0.19057,0.17306,0.01494,0.053362,0.68895,0,0,0.40728,1.7697,0.0041068,0,0.30037,0.021337,0.027885,0,0.016531,0,2.1103,0.91666,0.54055,0.28707,2.1093,0.044816,0.30434,0.21579,0.051689,0.099132,0.44265,0.73956,0.39101,0,0.25747,0.34579,0.14828,0,0,0.13094,0.60572,0.15876,0.42085,0.23826,0,1.6641,0.018153,0.028545,0,0.85243,0.1074,0.60903,0.13567,0.1628,0.1547,0.14793,0.58096,0.041559,0.01199,0.43947,0.22837
0.065695,0.32349,0.29291,0.097228,0.27759,0.14509,0.42305,0.0012069,0.655,0.011945,0.51383,0.14843,0.91763,0.31051,0.10899,0,0.18662,0.022169,0.0056035,0.62028,0.06395,0.1379,0,0.076714,0.19161,1.1289,0.083475,0.02393,0.35369,0.062994,0.92714,0.41134,2.8321,0,0,0.045039,0.083155,0.40497,0,0.12619,0.11316,0.35905,0.067013,0.2612,0.46217,0.66466,0.012746,0.19185,1.2021,0.5534,0.076675,0.19257,0.1979,0.47816,0.01787,0.59862,0.56295,0.36748,0.088474,0.52144,0.47587,0.087163,0.1302,0,0.0099026,0.24355,0.086666,0.098086,0.064701,0.11115,0.074817,0.12811,1.538,0.1646,0.0070384,0.031296,0,0.12341,0.22943,0.10403,0.14291,0.031977,0.21934,2.0426,0.23864,0.22721,1.0404,0.99234,0,0.30654,0,0.24806,0.092962,0.40621,1.556,0,0.34954,0.20078,0.69842,0.18335,0.08821,0.17167
0.75239,0.26773,0.011363,0.018482,0.31082,0.070115,0.81046,0.36657,0.00067879,0.34567,0.31574,0.13183,0,0.028871,0.74445,0.80807,0.20755,0.12769,0.39933,0.13878,0.21181,0.11479,0.13255,0.57508,0.072058,0,0.57458,0.087536,1.09,0.1182,0.73801,0.77264,0.075916,0.20769,0.79282,0.0028065,0.29818,0.45801,0.37222,0.20392,0.41586,0.89712,0.075405,0.035875,0.015392,0.53879,0.275,0.16903,2.6001,0.20765,0.044732,0.40346,0.48731,0.2972,0.24106,0.36076,0.31981,0.0024288,0,0.021127,0.36858,0.10523,0.25953,0.09103,0.11106,0.014246,0.0015714,0.058425,0.00064752,0.59657,0.55213,0.085718,0.22791,0.54312,0.036801,0.3373,0.78869,0.21625,1.3375,0.11606,0.097874,0.12045,0.31781,0.16546,0.12257,0.085069,0.012587,0.019188,0.16486,0.34459,0.10007,0,0.68826,1.0372,0.032191,0,0.33565,0.80334,0.20675,0,0.2268,0.29965
0.25411,0.063054,0.63554,0.87995,0.40168,0.60837,0.2888,0.71458,0.036989,0.41457,0.17247,0.15374,0.057058,0.21956,0.19273,0.04875,0.096138,0,0,0.55041,0.18255,0,0.26705,0.18066,0.027774,0,0.12141,0.18195,0.068793,0.20757,3.0395,0.082436,0.76393,0.22827,0.39496,0.94089,0.8067,0.23116,0.060127,0.4047,0.099315,1.6252,1.0456,0.032553,0.096783,0.11081,0.014882,0.17561,0.093626,0.1602,0.076969,0.021727,1.4891,0.52736,0.0031985,0.82592,0.5104,0.68426,0.83014,0.10555,0.79506,0.10467,0.89919,1.1706,0.33676,0.0732,0.14802,1.0096,0.20777,0.013138,0.56966,1.4978,0.11019,0.76251,0.029422,0.19223,0.20905,0.08739,0.023693,0.32658,0.0062006,0.010603,0.19071,0.6536,0.0035101,1.0679,0.017574,0.10737,0.82292,1.1168,0.93071,0.62028,0,1.5405,0.23781,0.65408,0.85138,0.4378,0.86309,0.095081,1.2861,0.63332
0.24923,0.11486,0,0.37846,0.60394,0.085339,0.0049354,0.26118,0,0.77584,0.051954,0.37782,0.21802,0.071968,0.51188,0,0.43734,0,0,0.15654,0.056774,0.054243,0.21111,0.001208,0.27971,0.095151,0.18168,0.72943,0.16698,0.21096,0.060973,0.088632,0.12478,0.021425,0.44417,0.025378,0,0.10154,0.09854,0.2005,0.010998,0.012915,0.036529,0.62019,0.14432,0.13215,0.6048,0.14307,0.31897,0.42331,0,0.12769,0.085817,0,0.015293,0.55706,0.072306,0.69927,0.022515,1.2655,0.26315,0.01175,0.13017,0.17801,0,0.089903,0.16631,0.33144,0.076862,0.0038439,0.18822,2.0398,0.017402,0.61139,1.1323,0.031822,0.68251,0.6913,0,0.17516,0.69091,1.2601,0,0.21938,0.037059,0.0094429,0.020093,0.98721,0.39564,0.017167,1.5944,2.4072,0.38798,0,1.2141,0.10401,0.27595,0.30751,0.083446,0.041623,1.6134,0.67981
0.37826,0.01948,0.039974,0.03942,0.24554,0.43843,0.089997,0,0.0041123,0.030354,0.43978,0.13504,0.12688,1.4419,0.4716,1.0311,0.1301,0.26317,0.13121,0.50534,0.025274,0.13866,0,1.4677,0.85731,1.2037,0.28215,0.14734,0.91565,0.29669,0.91384,0.25099,0.30558,0.18713,0.0094799,0.082212,0.077395,0.13552,0.21001,0.566,0.044673,0.044761,0.050086,0.0014749,0.0044444,0.40877,0.65851,0,0.091123,0.16778,0,0.055843,0,0.40252,0.79612,0.20601,0.12427,1.3387,0.01376,0.079268,1.2921,0.050312,0.83029,0,0.8009,2.1541,0.098912,0.39445,0.0084715,0.73525,0,0.094715,0.24229,0.15778,0.55671,1.4762,0.024072,0.12851,2.6295,1.1037,1.1626,0.034065,0.0016179,0.0065789,0.52721,0,0.023666,0.75456,0.26197,0,0.35369,0.3054,0.02556,8.6548e-06,0,0.10094,0.3715,0.57866,0.054794,0.86865,0.076953,0.5897
0.45157,0.58776,0.38535,0.034737,0.033455,1.8834,0.042549,0.22155,0.065961,0.27628,0.12511,1.1167,0.20002,0.83551,0.47122,2.5204,0.10689,0.069552,1.1047,0.17406,0.0082914,0.28677,0.22233,0.2391,0.46769,0.57726,0.99271,0.0034906,0.11569,0.11601,0,1.4835,0.30188,0.0035886,0.11778,0.45332,0.072881,0.019245,0.55893,0.62231,0.01448,0.083878,0.023887,0.18175,0.76885,0.33401,0.2542,0.046109,0.036946,0.17826,0,0.035561,0.85052,0.1896,0.064291,0,0,1.9017,0.023433,0.032414,0.68991,0.0037651,0.90315,0.033199,0.97912,0.030442,0.0019604,0.060788,0.038458,0.30983,0.0044713,0.033043,0.25574,0.2269,0.20467,0.29636,0.12409,0.13712,0.0020012,1.2915,0.028079,0.84321,0.0030847,0.035645,0.054066,0.076871,0.23366,0.16898,0.45537,0.083242,0.063951,0.72304,0.06743,0,0.34194,0,0.78785,0.42128,0.47325,0.009072,0.30386,0.2645
0.13983,0.23953,0.16174,0.17647,0.52746,0.7195,0.10951,0.19841,0.041686,0,0.97006,0.76129,0.87382,0.97152,0.038162,2.3628,0.15506,0.21245,0.076884,0.052278,0.015218,0,0.025713,0.23593,0.29064,0.099317,0.43254,0.16347,0.039182,0.0028665,0.021,1.426,0.074569,0.066519,0.1961,0.18677,0.068903,0.14807,0.044143,0.69595,0.25903,0.040171,0.018965,0,1.0838,0.87292,0.0076636,0.027373,0,0.36491,0.23196,0.066024,0.051548,0,0.0032645,0.023004,0.54305,0.41926,0.13931,0.077895,0.19949,0.060998,2.2072,0.25381,1.0133,0.42387,0,0.45204,0.16181,0.0017717,0.28107,0.02227,0.3268,0.4671,0.35941,0.28182,0.034889,0.24535,0.34736,0.55698,2.9469,2.4923,0.001745,0.037773,0.40231,0.2341,1.0952,0.011793,0.42217,0.067191,0,0.019232,0.34029,0.2604,1.0017,0.77696,0,1.5947,1.0685,0.43544,0.70877,0.15792
0.33098,0.059119,0.9288,0.32791,0.009987,0.18995,0.43096,0.14722,0.011401,0.001793,0.0059594,0.5033,1.2344,1.291,1.5495,1.2011,0.028074,0.72052,0.015837,1.6815,0.54416,0.13246,0,0.14779,0.024457,0.010451,0.077456,0.48982,1.0548,0.403,0.53482,0.036809,0.18474,0.042751,0.27415,0.013095,1.0536,0.042136,0,0,0,0.095972,0.10821,0.27447,0.051085,0.76769,1.6456,0.020107,0.073928,0,0.047138,0.036378,0.69612,0.24775,0,1.2125,0.31372,0.70025,0.018702,0.78018,0.15031,0.000534,0.11604,0.2848,0.45647,0.84089,0.93864,0.58029,0,0.0091451,0.20128,0,0.25781,0.17489,0.317,0.53109,0.07878,0.034743,0.080956,0.25328,0.75134,0.0064641,0.11781,0.079107,0.00031935,0.26148,0.19708,0.15199,0.19435,0.078497,0.012386,0.1317,0.032897,0.7159,0.692,0.85804,0.61202,0,0.031666,1.2281,0.42517,0.6275
0.42075,0,0.81845,2.1243,0.32186,1.0368,0.55535,1.1153,0.10914,0.35007,0.41089,0.23583,0.065142,0.066388,0.81654,0.070038,0.37835,0.085979,0,0.76175,0,0.067289,0.67291,0.69637,0.96491,0.084021,0.012682,0.046786,0.068734,0.0020821,0.59361,0.23052,0.56771,0.708,0.031984,0.80769,0,0,0,0.28459,0.37051,0.41738,0.36726,0.12001,0.24107,0.10604,0.84629,0.30582,0.45409,0.043988,0.1711,0.22953,0.33857,0.29075,0.0155,0.17201,0,0.016423,0.7758,0.043178,0.45325,0.024125,0.014032,0.29605,0.27148,1.1973,0.16769,0.39154,0.38195,0.33716,0.12538,0.43473,0.093156,0.0055189,0.084608,0.11742,0,0.14479,0.87256,0.019826,1.2954,0.023926,0.010256,0.48715,0.068858,0.0532,0.01557,0.17605,0.18252,0.0085762,0.051425,0.049955,0.21517,0.27688,0.69129,0.19776,0.73104,0.067369,0,2.2085,2.3571,1.0661
0.79716,0.89837,0.19211,0.56054,0.44352,0.11514,0.02388,0,0.0077254,0,0.35387,0.059589,0.15257,0.14314,0.021154,1.0647,0.21856,0.078599,0,0.30151,0.34058,0,0.18844,0.11849,0.031176,0.19068,0,0.0094065,0.069159,0.064961,0.20418,0.032385,0.035496,0.27525,0.062299,0.070401,0,0.24424,0.26699,0.087644,0.63583,0.67623,0.13939,0.78882,0.11994,0.67962,0.064427,0,1.5918,0.074987,0.024172,0.81849,0.20311,0.19482,0.060774,0.014667,0.97694,0.68841,0.060715,0,0.07642,0.16076,0.65879,0.078821,0.42953,0.23366,0,0.38824,0.01733,0.064982,0.20431,0.96537,2.2483,0.26312,0.21122,0.52678,0,0.07521,0.080732,0.35508,0.034639,0.23351,0.57068,0.011532,0.1063,0.81214,0.27247,0.28136,0.27339,0.76034,0.15032,0,0.025455,0.11506,0.057297,1.9986,1.5562,0.24603,0.035595,0,0.27623,0.19413
0.067096,0.091657,0.068878,0.26347,1.943,0.048821,0.054797,0.027554,0.57245,0.075483,1.6306,0.032382,0.98559,2.075,0.51519,0.69322,0.015723,0.027509,0.06582,0.75428,0.11547,0.056139,0.19623,0.55089,0.075526,0.098777,0.23871,0.37988,0.21896,0.056517,0.0078319,0.002193,0.029332,0.41616,0.010484,1.1211,0.30812,0.31579,1.0213,0.56845,0.15218,0.17132,0.084308,0.051197,0.011286,0.21363,0.26632,0.25724,0.22466,0.041503,0.087604,0.10765,0.091689,0.22527,0.079665,0.12544,2.039,0.084761,0.50716,0.042365,0.10984,0.023481,0.067608,0.0095815,1.0691,0.49471,0,1.1905,0.073301,0.19368,0.50407,0.12594,1.3296,0.035493,0.0041084,0.14993,0.11685,0.17995,0.13088,0.040688,0.82871,0.24692,0.15251,0.023171,1.2942,0.037721,0.8053,0.01222,0.59518,0.68011,0.2415,0.73011,0.22222,1.2609,1.8668,0.55905,0.33905,0.19987,0.015809,0.55903,0,0.073822
0,0.055036,0.12355,0.18699,0.078677,1.4216,0.57845,0.96654,0.42096,0.31817,0.22389,0.43409,0.08854,0.67932,0.29717,0.10096,0.35584,0.85838,0,0.79316,0,0,0.0089766,0.39729,0.41869,0.24622,0.0013103,0.36169,0.029325,0.058184,0.1395,2.0982,0.10218,0.075292,0.24577,0.015041,0.016543,0.014227,0.22937,0.076035,1.2386,0.16061,0.31683,0.084672,0.10818,0.090186,0.33185,0.096744,0.046367,0.17332,0.16646,0.038751,0.14136,0.1721,0.57247,0.69296,0.37966,0.46952,0.41056,1.4293,0.21705,0.064272,0.24023,0.56995,1.5461,0.4113,0.02191,1.0152,0.16963,0.087962,2.0294,0.21178,0.29878,0.04424,0.15816,0.28346,0.05442,0.0075561,0.095928,0.12806,0.080104,0.19289,0.78948,0.0010512,0.74112,0.47154,0.03724,0.54066,0.3859,0.24452,0.19023,0.35882,0.0041697,0.46941,0.11778,0.090342,0.27412,0.22963,0.098572,0.50801,0.17978,0